ID,Genus,Species,Copy,Status,Candida_bracarensis_1,Candida_nivariensis_1,Nakaseomyces_delphensis_1,Candida_glabrata_1,Kazachstania_rosinii_2,Kazachstania_rosinii_1,Kazachstania_intestinalis_1,Kazachstania_naganishii_KNAG0F01980,Kazachstania_naganishii_KNAG0D01130,Candida_castellii_2,Nakaseomyces_bacillisporus_2,Nakaseomyces_bacillisporus_1,Saccharomyces_cerevisiae_1,Saccharomyces_paradoxus_1,Saccharomyces_mikatae_1,Saccharomyces_arboricola_1,Saccharomyces_kudriavzevii_1,Saccharomyces_uvarum_1,Saccharomyces_eubayanus_1,Candida_castellii_1,Naumovozyma_castellii_NCAS0D03820,Naumovozyma_dairenensis_NDAI0I01070,Kazachstania_viticola_2,Kazachstania_yakushimaensis_2,Kazachstania_transvaalensis_2,Kazachstania_transvaalensis_1,Kazachstania_yakushimaensis_1,Kazachstania_bromeliacearum_2,Kazachstania_martiniae_2,Kazachstania_turicensis_1,Kazachstania_africana_KAFR0C02290,Kazachstania_intestinalis_2,Kazachstania_kunashirensis_1,Kazachstania_spencerorum_2,Kazachstania_kunashirensis_2,Kazachstania_turicensis_2,Kazachstania_spencerorum_1,Kazachstania_martiniae_1,Kazachstania_africana_KAFR0K00320,Kazachstania_viticola_1,Kazachstania_bromeliacearum_1,Vanderwaltozyma_polyspora_Kpol1002p53,Vanderwaltozyma_polyspora_Kpol1033p51,Tetrapisispora_namnaonensis_1,Tetrapisispora_fleetii_1,Tetrapisispora_phaffii_TPHA0E02830,Tetrapisispora_iriomotensis_2,Tetrapisispora_blattae_TBLA0B05310,Yueomyces_sinensis_1,Tetrapisispora_blattae_TBLA0A02040,Tetrapisispora_namnaonensis_2,Tetrapisispora_fleetii_2,Tetrapisispora_phaffii_TPHA0J02370,Tetrapisispora_iriomotensis_1,Yueomyces_sinensis_2,Naumovozyma_castellii_NCAS0A01090,Naumovozyma_dairenensis_NDAI0F01640,Torulaspora_franciscae_1,Torulaspora_pretoriensis_1,Torulaspora_delbrueckii_1,Torulaspora_maleeae_1,Zygotorulaspora_florentina_1,Zygotorulaspora_mrakii_1,Torulaspora_microellipsoides_1,Zygosaccharomyces_rouxii_1,Zygosaccharomyces_kombuchaensis_1,Zygosaccharomyces_bailii_1,Zygosaccharomyces_bisporus_1,Lachancea_waltii_1,Lachancea_thermotolerans_1,Lachancea_quebecensis_1,Lachancea_lanzarotensis_1,Lachancea_fantastica_nom_nud_1,Lachancea_meyersii_1,Lachancea_dasiensis_1,Lachancea_nothofagi_1,Lachancea_mirantina_1,Lachancea_fermentati_1,Lachancea_cidri_1,Lachancea_kluyveri_1,Kluyveromyces_marxianus_1,Kluyveromyces_dobzhanskii_1,Kluyveromyces_lactis_1,Kluyveromyces_aestuarii_1,Eremothecium_cymbalariae_1,Eremothecium_gossypii_1,Ashbya_aceri_1,Eremothecium_coryli_1,Eremothecium_sinecaudum_1,Outgroup,PreWGD,PostWGD
Ashbya_aceri_1,Ashbya,aceri,1,Outgroup,0.233953,0.234236,0.226853,0.21319,0.223636,0.22332,0.241813,0.242441,0.252067,0.349228,0.30293,0.215426,0.205792,0.210307,0.21422,0.218926,0.216799,0.21841,0.218306,0.285944,0.26498,0.289833,0.343125,0.354982,0.381898,0.353848,0.368125,0.340291,0.337027,0.347697,0.355638,0.409218,0.327912,0.314719,0.341556,0.357147,0.34149,0.360082,0.366748,0.377089,0.355444,0.377636,0.397609,0.401902,0.395414,0.392027,0.366625,0.367592,0.374003,0.78809,0.628034,0.633208,0.62669,0.591371,0.649094,0.552086,0.487753,0.168951,0.168478,0.175229,0.16937,0.173771,0.184554,0.178176,0.185591,0.171499,0.179313,0.177825,0.122192,0.128266,0.130955,0.13231,0.130325,0.129086,0.131987,0.131003,0.126631,0.129274,0.130836,0.13163,0.111401,0.108168,0.114145,0.116947,0.02775,0.003252,0,0.033049,0.034441,0.104442,0.15671,0.167131
Candida_bracarensis_1,Candida,bracarensis,1,PostWGD_l,0,0.035285,0.04376,0.065633,0.123327,0.123011,0.141504,0.142132,0.151758,0.248919,0.202621,0.115117,0.105483,0.109998,0.113911,0.118617,0.11649,0.118101,0.117997,0.185635,0.164671,0.189524,0.242816,0.254673,0.281589,0.253539,0.267816,0.239982,0.236718,0.247388,0.255329,0.308909,0.227603,0.21441,0.241247,0.256838,0.241181,0.259773,0.266439,0.27678,0.255135,0.277327,0.2973,0.301593,0.295105,0.291718,0.266316,0.267283,0.273694,0.687781,0.527725,0.532899,0.526381,0.491062,0.548785,0.451777,0.387444,0.089484,0.089011,0.095762,0.089903,0.094304,0.105087,0.098709,0.106124,0.092032,0.099846,0.098358,0.147261,0.153335,0.156024,0.157379,0.155394,0.154155,0.157056,0.156072,0.1517,0.154343,0.155905,0.156699,0.211674,0.208441,0.214418,0.21722,0.223469,0.235963,0.233953,0.223628,0.22502,0.129511,0.077243,0.066822
Candida_castellii_1,Candida,castellii,1,PostWGD_m,0.185635,0.185918,0.178535,0.164872,0.175318,0.175002,0.193495,0.194123,0.203749,0.30091,0.254612,0.167108,0.157474,0.161989,0.165902,0.170608,0.168481,0.170092,0.169988,0,0.165492,0.190345,0.243637,0.255494,0.28241,0.25436,0.268637,0.240803,0.237539,0.248209,0.25615,0.30973,0.228424,0.215231,0.242068,0.257659,0.242002,0.260594,0.26726,0.277601,0.255956,0.278148,0.298121,0.302414,0.295926,0.292539,0.267137,0.268104,0.274515,0.688602,0.528546,0.53372,0.527202,0.491883,0.549606,0.452598,0.388265,0.141475,0.141002,0.147753,0.141894,0.146295,0.157078,0.1507,0.158115,0.144023,0.151837,0.150349,0.199252,0.205326,0.208015,0.20937,0.207385,0.206146,0.209047,0.208063,0.203691,0.206334,0.207896,0.20869,0.263665,0.260432,0.266409,0.269211,0.27546,0.287954,0.285944,0.275619,0.277011,0.181502,0.129234,0.118813
Candida_castellii_2,Candida,castellii,2,PostWGD_m,0.248919,0.249202,0.241819,0.228156,0.224704,0.224388,0.242881,0.243509,0.253135,0,0.156668,0.204266,0.220758,0.225273,0.229186,0.233892,0.231765,0.233376,0.233272,0.30091,0.279946,0.304799,0.358091,0.369948,0.396864,0.368814,0.383091,0.355257,0.351993,0.362663,0.370604,0.424184,0.342878,0.329685,0.356522,0.372113,0.356456,0.375048,0.381714,0.392055,0.37041,0.392602,0.412575,0.416868,0.41038,0.406993,0.381591,0.382558,0.388969,0.803056,0.643,0.648174,0.641656,0.606337,0.66406,0.567052,0.502719,0.204759,0.204286,0.211037,0.205178,0.209579,0.220362,0.213984,0.221399,0.207307,0.215121,0.213633,0.262536,0.26861,0.271299,0.272654,0.270669,0.26943,0.272331,0.271347,0.266975,0.269618,0.27118,0.271974,0.326949,0.323716,0.329693,0.332495,0.338744,0.351238,0.349228,0.338903,0.340295,0.244786,0.192518,0.182097
Candida_glabrata_1,Candida,glabrata,1,PostWGD_l,0.065633,0.065916,0.058533,0,0.102564,0.102248,0.120741,0.121369,0.130995,0.228156,0.181858,0.094354,0.08472,0.089235,0.093148,0.097854,0.095727,0.097338,0.097234,0.164872,0.143908,0.168761,0.222053,0.23391,0.260826,0.232776,0.247053,0.219219,0.215955,0.226625,0.234566,0.288146,0.20684,0.193647,0.220484,0.236075,0.220418,0.23901,0.245676,0.256017,0.234372,0.256564,0.276537,0.28083,0.274342,0.270955,0.245553,0.24652,0.252931,0.667018,0.506962,0.512136,0.505618,0.470299,0.528022,0.431014,0.366681,0.068721,0.068248,0.074999,0.06914,0.073541,0.084324,0.077946,0.085361,0.071269,0.079083,0.077595,0.126498,0.132572,0.135261,0.136616,0.134631,0.133392,0.136293,0.135309,0.130937,0.13358,0.135142,0.135936,0.190911,0.187678,0.193655,0.196457,0.202706,0.2152,0.21319,0.202865,0.204257,0.108748,0.05648,0.046059
Candida_nivariensis_1,Candida,nivariensis,1,PostWGD_l,0.035285,0,0.044043,0.065916,0.12361,0.123294,0.141787,0.142415,0.152041,0.249202,0.202904,0.1154,0.105766,0.110281,0.114194,0.1189,0.116773,0.118384,0.11828,0.185918,0.164954,0.189807,0.243099,0.254956,0.281872,0.253822,0.268099,0.240265,0.237001,0.247671,0.255612,0.309192,0.227886,0.214693,0.24153,0.257121,0.241464,0.260056,0.266722,0.277063,0.255418,0.27761,0.297583,0.301876,0.295388,0.292001,0.266599,0.267566,0.273977,0.688064,0.528008,0.533182,0.526664,0.491345,0.549068,0.45206,0.387727,0.089767,0.089294,0.096045,0.090186,0.094587,0.10537,0.098992,0.106407,0.092315,0.100129,0.098641,0.147544,0.153618,0.156307,0.157662,0.155677,0.154438,0.157339,0.156355,0.151983,0.154626,0.156188,0.156982,0.211957,0.208724,0.214701,0.217503,0.223752,0.236246,0.234236,0.223911,0.225303,0.129794,0.077526,0.067105
Eremothecium_coryli_1,Eremothecium,coryli,1,Outgroup,0.223628,0.223911,0.216528,0.202865,0.213311,0.212995,0.231488,0.232116,0.241742,0.338903,0.292605,0.205101,0.195467,0.199982,0.203895,0.208601,0.206474,0.208085,0.207981,0.275619,0.254655,0.279508,0.3328,0.344657,0.371573,0.343523,0.3578,0.329966,0.326702,0.337372,0.345313,0.398893,0.317587,0.304394,0.331231,0.346822,0.331165,0.349757,0.356423,0.366764,0.345119,0.367311,0.387284,0.391577,0.385089,0.381702,0.3563,0.357267,0.363678,0.777765,0.617709,0.622883,0.616365,0.581046,0.638769,0.541761,0.477428,0.158626,0.158153,0.164904,0.159045,0.163446,0.174229,0.167851,0.175266,0.161174,0.168988,0.1675,0.111867,0.117941,0.12063,0.121985,0.12,0.118761,0.121662,0.120678,0.116306,0.118949,0.120511,0.121305,0.101076,0.097843,0.10382,0.106622,0.022565,0.035059,0.033049,0,0.023244,0.094117,0.146385,0.156806
Eremothecium_cymbalariae_1,Eremothecium,cymbalariae,1,Outgroup,0.223469,0.223752,0.216369,0.202706,0.213152,0.212836,0.231329,0.231957,0.241583,0.338744,0.292446,0.204942,0.195308,0.199823,0.203736,0.208442,0.206315,0.207926,0.207822,0.27546,0.254496,0.279349,0.332641,0.344498,0.371414,0.343364,0.357641,0.329807,0.326543,0.337213,0.345154,0.398734,0.317428,0.304235,0.331072,0.346663,0.331006,0.349598,0.356264,0.366605,0.34496,0.367152,0.387125,0.391418,0.38493,0.381543,0.356141,0.357108,0.363519,0.777606,0.61755,0.622724,0.616206,0.580887,0.63861,0.541602,0.477269,0.158467,0.157994,0.164745,0.158886,0.163287,0.17407,0.167692,0.175107,0.161015,0.168829,0.167341,0.111708,0.117782,0.120471,0.121826,0.119841,0.118602,0.121503,0.120519,0.116147,0.11879,0.120352,0.121146,0.100917,0.097684,0.103661,0.106463,0,0.02976,0.02775,0.022565,0.023957,0.093958,0.146226,0.156647
Eremothecium_gossypii_1,Eremothecium,gossypii,1,Outgroup,0.235963,0.236246,0.228863,0.2152,0.225646,0.22533,0.243823,0.244451,0.254077,0.351238,0.30494,0.217436,0.207802,0.212317,0.21623,0.220936,0.218809,0.22042,0.220316,0.287954,0.26699,0.291843,0.345135,0.356992,0.383908,0.355858,0.370135,0.342301,0.339037,0.349707,0.357648,0.411228,0.329922,0.316729,0.343566,0.359157,0.3435,0.362092,0.368758,0.379099,0.357454,0.379646,0.399619,0.403912,0.397424,0.394037,0.368635,0.369602,0.376013,0.7901,0.630044,0.635218,0.6287,0.593381,0.651104,0.554096,0.489763,0.170961,0.170488,0.177239,0.17138,0.175781,0.186564,0.180186,0.187601,0.173509,0.181323,0.179835,0.124202,0.130276,0.132965,0.13432,0.132335,0.131096,0.133997,0.133013,0.128641,0.131284,0.132846,0.13364,0.113411,0.110178,0.116155,0.118957,0.02976,0,0.003252,0.035059,0.036451,0.106452,0.15872,0.169141
Eremothecium_sinecaudum_1,Eremothecium,sinecaudum,1,Outgroup,0.22502,0.225303,0.21792,0.204257,0.214703,0.214387,0.23288,0.233508,0.243134,0.340295,0.293997,0.206493,0.196859,0.201374,0.205287,0.209993,0.207866,0.209477,0.209373,0.277011,0.256047,0.2809,0.334192,0.346049,0.372965,0.344915,0.359192,0.331358,0.328094,0.338764,0.346705,0.400285,0.318979,0.305786,0.332623,0.348214,0.332557,0.351149,0.357815,0.368156,0.346511,0.368703,0.388676,0.392969,0.386481,0.383094,0.357692,0.358659,0.36507,0.779157,0.619101,0.624275,0.617757,0.582438,0.640161,0.543153,0.47882,0.160018,0.159545,0.166296,0.160437,0.164838,0.175621,0.169243,0.176658,0.162566,0.17038,0.168892,0.113259,0.119333,0.122022,0.123377,0.121392,0.120153,0.123054,0.12207,0.117698,0.120341,0.121903,0.122697,0.102468,0.099235,0.105212,0.108014,0.023957,0.036451,0.034441,0.023244,0,0.095509,0.147777,0.158198
Kazachstania_africana_KAFR0C02290,Kazachstania,africana,1,PostWGD_m,0.255329,0.255612,0.248229,0.234566,0.245012,0.244696,0.263189,0.263817,0.273443,0.370604,0.324306,0.236802,0.227168,0.231683,0.235596,0.240302,0.238175,0.239786,0.239682,0.25615,0.150762,0.138795,0.142921,0.144926,0.171842,0.143792,0.158069,0.130235,0.126971,0.116411,0,0.145636,0.107214,0.094021,0.150786,0.166377,0.15072,0.169312,0.175978,0.186319,0.164674,0.186866,0.206839,0.211132,0.204644,0.201257,0.175855,0.176822,0.183233,0.59732,0.437264,0.442438,0.43592,0.400601,0.458324,0.390226,0.325893,0.211169,0.210696,0.217447,0.211588,0.215989,0.226772,0.220394,0.227809,0.213717,0.221531,0.220043,0.268946,0.27502,0.277709,0.279064,0.277079,0.27584,0.278741,0.277757,0.273385,0.276028,0.27759,0.278384,0.333359,0.330126,0.336103,0.338905,0.345154,0.357648,0.355638,0.345313,0.346705,0.251196,0.198928,0.188507
Kazachstania_africana_KAFR0K00320,Kazachstania,africana,2,PostWGD_m,0.266439,0.266722,0.259339,0.245676,0.256122,0.255806,0.274299,0.274927,0.284553,0.381714,0.335416,0.247912,0.238278,0.242793,0.246706,0.251412,0.249285,0.250896,0.250792,0.26726,0.161872,0.149905,0.163465,0.175322,0.202238,0.174188,0.188465,0.160631,0.157367,0.168037,0.175978,0.229558,0.148252,0.135059,0.129618,0.145209,0.129552,0.12144,0,0.119131,0.13223,0.186954,0.206927,0.21122,0.204732,0.201345,0.175943,0.17691,0.183321,0.597408,0.437352,0.442526,0.436008,0.400689,0.458412,0.401336,0.337003,0.222279,0.221806,0.228557,0.222698,0.227099,0.237882,0.231504,0.238919,0.224827,0.232641,0.231153,0.280056,0.28613,0.288819,0.290174,0.288189,0.28695,0.289851,0.288867,0.284495,0.287138,0.2887,0.289494,0.344469,0.341236,0.347213,0.350015,0.356264,0.368758,0.366748,0.356423,0.357815,0.262306,0.210038,0.199617
Kazachstania_bromeliacearum_1,Kazachstania,bromeliacearum,1,PostWGD_m,0.255135,0.255418,0.248035,0.234372,0.244818,0.244502,0.262995,0.263623,0.273249,0.37041,0.324112,0.236608,0.226974,0.231489,0.235402,0.240108,0.237981,0.239592,0.239488,0.255956,0.150568,0.138601,0.152161,0.164018,0.190934,0.162884,0.177161,0.149327,0.146063,0.156733,0.164674,0.218254,0.136948,0.123755,0.118314,0.133905,0.118248,0.125564,0.13223,0.142571,0,0.17565,0.195623,0.199916,0.193428,0.190041,0.164639,0.165606,0.172017,0.586104,0.426048,0.431222,0.424704,0.389385,0.447108,0.390032,0.325699,0.210975,0.210502,0.217253,0.211394,0.215795,0.226578,0.2202,0.227615,0.213523,0.221337,0.219849,0.268752,0.274826,0.277515,0.27887,0.276885,0.275646,0.278547,0.277563,0.273191,0.275834,0.277396,0.27819,0.333165,0.329932,0.335909,0.338711,0.34496,0.357454,0.355444,0.345119,0.346511,0.251002,0.198734,0.188313
Kazachstania_bromeliacearum_2,Kazachstania,bromeliacearum,2,PostWGD_m,0.239982,0.240265,0.232882,0.219219,0.229665,0.229349,0.247842,0.24847,0.258096,0.355257,0.308959,0.221455,0.211821,0.216336,0.220249,0.224955,0.222828,0.224439,0.224335,0.240803,0.135415,0.123448,0.127574,0.118641,0.145557,0.117507,0.131784,0,0.086436,0.122294,0.130235,0.183815,0.102509,0.089316,0.135439,0.15103,0.135373,0.153965,0.160631,0.170972,0.149327,0.171519,0.191492,0.195785,0.189297,0.18591,0.160508,0.161475,0.167886,0.581973,0.421917,0.427091,0.420573,0.385254,0.442977,0.374879,0.310546,0.195822,0.195349,0.2021,0.196241,0.200642,0.211425,0.205047,0.212462,0.19837,0.206184,0.204696,0.253599,0.259673,0.262362,0.263717,0.261732,0.260493,0.263394,0.26241,0.258038,0.260681,0.262243,0.263037,0.318012,0.314779,0.320756,0.323558,0.329807,0.342301,0.340291,0.329966,0.331358,0.235849,0.183581,0.17316
Kazachstania_intestinalis_1,Kazachstania,intestinalis,1,PostWGD_m,0.141504,0.141787,0.134404,0.120741,0.099275,0.098959,0,0.104488,0.114114,0.242881,0.196583,0.109079,0.113343,0.117858,0.121771,0.126477,0.12435,0.125961,0.125857,0.193495,0.172531,0.197384,0.250676,0.262533,0.289449,0.261399,0.275676,0.247842,0.244578,0.255248,0.263189,0.316769,0.235463,0.22227,0.249107,0.264698,0.249041,0.267633,0.274299,0.28464,0.262995,0.285187,0.30516,0.309453,0.302965,0.299578,0.274176,0.275143,0.281554,0.695641,0.535585,0.540759,0.534241,0.498922,0.556645,0.459637,0.395304,0.097344,0.096871,0.103622,0.097763,0.102164,0.112947,0.106569,0.113984,0.099892,0.107706,0.106218,0.155121,0.161195,0.163884,0.165239,0.163254,0.162015,0.164916,0.163932,0.15956,0.162203,0.163765,0.164559,0.219534,0.216301,0.222278,0.22508,0.231329,0.243823,0.241813,0.231488,0.23288,0.137371,0.085103,0.074682
Kazachstania_intestinalis_2,Kazachstania,intestinalis,2,PostWGD_m,0.308909,0.309192,0.301809,0.288146,0.298592,0.298276,0.316769,0.317397,0.327023,0.424184,0.377886,0.290382,0.280748,0.285263,0.289176,0.293882,0.291755,0.293366,0.293262,0.30973,0.204342,0.192375,0.196501,0.198506,0.225422,0.197372,0.211649,0.183815,0.180551,0.169991,0.145636,0,0.160794,0.147601,0.204366,0.219957,0.2043,0.222892,0.229558,0.239899,0.218254,0.240446,0.260419,0.264712,0.258224,0.254837,0.229435,0.230402,0.236813,0.6509,0.490844,0.496018,0.4895,0.454181,0.511904,0.443806,0.379473,0.264749,0.264276,0.271027,0.265168,0.269569,0.280352,0.273974,0.281389,0.267297,0.275111,0.273623,0.322526,0.3286,0.331289,0.332644,0.330659,0.32942,0.332321,0.331337,0.326965,0.329608,0.33117,0.331964,0.386939,0.383706,0.389683,0.392485,0.398734,0.411228,0.409218,0.398893,0.400285,0.304776,0.252508,0.242087
Kazachstania_kunashirensis_1,Kazachstania,kunashirensis,1,PostWGD_m,0.227603,0.227886,0.220503,0.20684,0.217286,0.21697,0.235463,0.236091,0.245717,0.342878,0.29658,0.209076,0.199442,0.203957,0.20787,0.212576,0.210449,0.21206,0.211956,0.228424,0.123036,0.111069,0.115195,0.1172,0.144116,0.116066,0.130343,0.102509,0.099245,0.099273,0.107214,0.160794,0,0.060517,0.12306,0.138651,0.122994,0.141586,0.148252,0.158593,0.136948,0.15914,0.179113,0.183406,0.176918,0.173531,0.148129,0.149096,0.155507,0.569594,0.409538,0.414712,0.408194,0.372875,0.430598,0.3625,0.298167,0.183443,0.18297,0.189721,0.183862,0.188263,0.199046,0.192668,0.200083,0.185991,0.193805,0.192317,0.24122,0.247294,0.249983,0.251338,0.249353,0.248114,0.251015,0.250031,0.245659,0.248302,0.249864,0.250658,0.305633,0.3024,0.308377,0.311179,0.317428,0.329922,0.327912,0.317587,0.318979,0.22347,0.171202,0.160781
Kazachstania_kunashirensis_2,Kazachstania,kunashirensis,2,PostWGD_m,0.241247,0.24153,0.234147,0.220484,0.23093,0.230614,0.249107,0.249735,0.259361,0.356522,0.310224,0.22272,0.213086,0.217601,0.221514,0.22622,0.224093,0.225704,0.2256,0.242068,0.13668,0.124713,0.138273,0.15013,0.177046,0.148996,0.163273,0.135439,0.132175,0.142845,0.150786,0.204366,0.12306,0.109867,0,0.058379,0.072986,0.122952,0.129618,0.139959,0.118314,0.161762,0.181735,0.186028,0.17954,0.176153,0.150751,0.151718,0.158129,0.572216,0.41216,0.417334,0.410816,0.375497,0.43322,0.376144,0.311811,0.197087,0.196614,0.203365,0.197506,0.201907,0.21269,0.206312,0.213727,0.199635,0.207449,0.205961,0.254864,0.260938,0.263627,0.264982,0.262997,0.261758,0.264659,0.263675,0.259303,0.261946,0.263508,0.264302,0.319277,0.316044,0.322021,0.324823,0.331072,0.343566,0.341556,0.331231,0.332623,0.237114,0.184846,0.174425
Kazachstania_martiniae_1,Kazachstania,martiniae,1,PostWGD_m,0.259773,0.260056,0.252673,0.23901,0.249456,0.24914,0.267633,0.268261,0.277887,0.375048,0.32875,0.241246,0.231612,0.236127,0.24004,0.244746,0.242619,0.24423,0.244126,0.260594,0.155206,0.143239,0.156799,0.168656,0.195572,0.167522,0.181799,0.153965,0.150701,0.161371,0.169312,0.222892,0.141586,0.128393,0.122952,0.138543,0.122886,0,0.12144,0.131781,0.125564,0.180288,0.200261,0.204554,0.198066,0.194679,0.169277,0.170244,0.176655,0.590742,0.430686,0.43586,0.429342,0.394023,0.451746,0.39467,0.330337,0.215613,0.21514,0.221891,0.216032,0.220433,0.231216,0.224838,0.232253,0.218161,0.225975,0.224487,0.27339,0.279464,0.282153,0.283508,0.281523,0.280284,0.283185,0.282201,0.277829,0.280472,0.282034,0.282828,0.337803,0.33457,0.340547,0.343349,0.349598,0.362092,0.360082,0.349757,0.351149,0.25564,0.203372,0.192951
Kazachstania_martiniae_2,Kazachstania,martiniae,2,PostWGD_m,0.236718,0.237001,0.229618,0.215955,0.226401,0.226085,0.244578,0.245206,0.254832,0.351993,0.305695,0.218191,0.208557,0.213072,0.216985,0.221691,0.219564,0.221175,0.221071,0.237539,0.132151,0.120184,0.12431,0.115377,0.142293,0.114243,0.12852,0.086436,0,0.11903,0.126971,0.180551,0.099245,0.086052,0.132175,0.147766,0.132109,0.150701,0.157367,0.167708,0.146063,0.168255,0.188228,0.192521,0.186033,0.182646,0.157244,0.158211,0.164622,0.578709,0.418653,0.423827,0.417309,0.38199,0.439713,0.371615,0.307282,0.192558,0.192085,0.198836,0.192977,0.197378,0.208161,0.201783,0.209198,0.195106,0.20292,0.201432,0.250335,0.256409,0.259098,0.260453,0.258468,0.257229,0.26013,0.259146,0.254774,0.257417,0.258979,0.259773,0.314748,0.311515,0.317492,0.320294,0.326543,0.339037,0.337027,0.326702,0.328094,0.232585,0.180317,0.169896
Kazachstania_naganishii_KNAG0D01130,Kazachstania,naganishii,1,PostWGD_m,0.151758,0.152041,0.144658,0.130995,0.109529,0.109213,0.114114,0.091538,0,0.253135,0.206837,0.119333,0.123597,0.128112,0.132025,0.136731,0.134604,0.136215,0.136111,0.203749,0.182785,0.207638,0.26093,0.272787,0.299703,0.271653,0.28593,0.258096,0.254832,0.265502,0.273443,0.327023,0.245717,0.232524,0.259361,0.274952,0.259295,0.277887,0.284553,0.294894,0.273249,0.295441,0.315414,0.319707,0.313219,0.309832,0.28443,0.285397,0.291808,0.705895,0.545839,0.551013,0.544495,0.509176,0.566899,0.469891,0.405558,0.107598,0.107125,0.113876,0.108017,0.112418,0.123201,0.116823,0.124238,0.110146,0.11796,0.116472,0.165375,0.171449,0.174138,0.175493,0.173508,0.172269,0.17517,0.174186,0.169814,0.172457,0.174019,0.174813,0.229788,0.226555,0.232532,0.235334,0.241583,0.254077,0.252067,0.241742,0.243134,0.147625,0.095357,0.084936
Kazachstania_naganishii_KNAG0F01980,Kazachstania,naganishii,2,PostWGD_m,0.142132,0.142415,0.135032,0.121369,0.099903,0.099587,0.104488,0,0.091538,0.243509,0.197211,0.109707,0.113971,0.118486,0.122399,0.127105,0.124978,0.126589,0.126485,0.194123,0.173159,0.198012,0.251304,0.263161,0.290077,0.262027,0.276304,0.24847,0.245206,0.255876,0.263817,0.317397,0.236091,0.222898,0.249735,0.265326,0.249669,0.268261,0.274927,0.285268,0.263623,0.285815,0.305788,0.310081,0.303593,0.300206,0.274804,0.275771,0.282182,0.696269,0.536213,0.541387,0.534869,0.49955,0.557273,0.460265,0.395932,0.097972,0.097499,0.10425,0.098391,0.102792,0.113575,0.107197,0.114612,0.10052,0.108334,0.106846,0.155749,0.161823,0.164512,0.165867,0.163882,0.162643,0.165544,0.16456,0.160188,0.162831,0.164393,0.165187,0.220162,0.216929,0.222906,0.225708,0.231957,0.244451,0.242441,0.232116,0.233508,0.137999,0.085731,0.07531
Kazachstania_rosinii_1,Kazachstania,rosinii,1,PostWGD_m,0.123011,0.123294,0.115911,0.102248,0.000316,0,0.098959,0.099587,0.109213,0.224388,0.17809,0.090586,0.09485,0.099365,0.103278,0.107984,0.105857,0.107468,0.107364,0.175002,0.154038,0.178891,0.232183,0.24404,0.270956,0.242906,0.257183,0.229349,0.226085,0.236755,0.244696,0.298276,0.21697,0.203777,0.230614,0.246205,0.230548,0.24914,0.255806,0.266147,0.244502,0.266694,0.286667,0.29096,0.284472,0.281085,0.255683,0.25665,0.263061,0.677148,0.517092,0.522266,0.515748,0.480429,0.538152,0.441144,0.376811,0.078851,0.078378,0.085129,0.07927,0.083671,0.094454,0.088076,0.095491,0.081399,0.089213,0.087725,0.136628,0.142702,0.145391,0.146746,0.144761,0.143522,0.146423,0.145439,0.141067,0.14371,0.145272,0.146066,0.201041,0.197808,0.203785,0.206587,0.212836,0.22533,0.22332,0.212995,0.214387,0.118878,0.06661,0.056189
Kazachstania_rosinii_2,Kazachstania,rosinii,2,PostWGD_m,0.123327,0.12361,0.116227,0.102564,0,0.000316,0.099275,0.099903,0.109529,0.224704,0.178406,0.090902,0.095166,0.099681,0.103594,0.1083,0.106173,0.107784,0.10768,0.175318,0.154354,0.179207,0.232499,0.244356,0.271272,0.243222,0.257499,0.229665,0.226401,0.237071,0.245012,0.298592,0.217286,0.204093,0.23093,0.246521,0.230864,0.249456,0.256122,0.266463,0.244818,0.26701,0.286983,0.291276,0.284788,0.281401,0.255999,0.256966,0.263377,0.677464,0.517408,0.522582,0.516064,0.480745,0.538468,0.44146,0.377127,0.079167,0.078694,0.085445,0.079586,0.083987,0.09477,0.088392,0.095807,0.081715,0.089529,0.088041,0.136944,0.143018,0.145707,0.147062,0.145077,0.143838,0.146739,0.145755,0.141383,0.144026,0.145588,0.146382,0.201357,0.198124,0.204101,0.206903,0.213152,0.225646,0.223636,0.213311,0.214703,0.119194,0.066926,0.056505
Kazachstania_spencerorum_1,Kazachstania,spencerorum,1,PostWGD_m,0.241181,0.241464,0.234081,0.220418,0.230864,0.230548,0.249041,0.249669,0.259295,0.356456,0.310158,0.222654,0.21302,0.217535,0.221448,0.226154,0.224027,0.225638,0.225534,0.242002,0.136614,0.124647,0.138207,0.150064,0.17698,0.14893,0.163207,0.135373,0.132109,0.142779,0.15072,0.2043,0.122994,0.109801,0.072986,0.088577,0,0.122886,0.129552,0.139893,0.118248,0.161696,0.181669,0.185962,0.179474,0.176087,0.150685,0.151652,0.158063,0.57215,0.412094,0.417268,0.41075,0.375431,0.433154,0.376078,0.311745,0.197021,0.196548,0.203299,0.19744,0.201841,0.212624,0.206246,0.213661,0.199569,0.207383,0.205895,0.254798,0.260872,0.263561,0.264916,0.262931,0.261692,0.264593,0.263609,0.259237,0.26188,0.263442,0.264236,0.319211,0.315978,0.321955,0.324757,0.331006,0.3435,0.34149,0.331165,0.332557,0.237048,0.18478,0.174359
Kazachstania_spencerorum_2,Kazachstania,spencerorum,2,PostWGD_m,0.21441,0.214693,0.20731,0.193647,0.204093,0.203777,0.22227,0.222898,0.232524,0.329685,0.283387,0.195883,0.186249,0.190764,0.194677,0.199383,0.197256,0.198867,0.198763,0.215231,0.109843,0.097876,0.102002,0.104007,0.130923,0.102873,0.11715,0.089316,0.086052,0.08608,0.094021,0.147601,0.060517,0,0.109867,0.125458,0.109801,0.128393,0.135059,0.1454,0.123755,0.145947,0.16592,0.170213,0.163725,0.160338,0.134936,0.135903,0.142314,0.556401,0.396345,0.401519,0.395001,0.359682,0.417405,0.349307,0.284974,0.17025,0.169777,0.176528,0.170669,0.17507,0.185853,0.179475,0.18689,0.172798,0.180612,0.179124,0.228027,0.234101,0.23679,0.238145,0.23616,0.234921,0.237822,0.236838,0.232466,0.235109,0.236671,0.237465,0.29244,0.289207,0.295184,0.297986,0.304235,0.316729,0.314719,0.304394,0.305786,0.210277,0.158009,0.147588
Kazachstania_transvaalensis_1,Kazachstania,transvaalensis,1,PostWGD_m,0.253539,0.253822,0.246439,0.232776,0.243222,0.242906,0.261399,0.262027,0.271653,0.368814,0.322516,0.235012,0.225378,0.229893,0.233806,0.238512,0.236385,0.237996,0.237892,0.25436,0.148972,0.137005,0.141131,0.08651,0.113426,0,0.045777,0.117507,0.114243,0.135851,0.143792,0.197372,0.116066,0.102873,0.148996,0.164587,0.14893,0.167522,0.174188,0.184529,0.162884,0.185076,0.205049,0.209342,0.202854,0.199467,0.174065,0.175032,0.181443,0.59553,0.435474,0.440648,0.43413,0.398811,0.456534,0.388436,0.324103,0.209379,0.208906,0.215657,0.209798,0.214199,0.224982,0.218604,0.226019,0.211927,0.219741,0.218253,0.267156,0.27323,0.275919,0.277274,0.275289,0.27405,0.276951,0.275967,0.271595,0.274238,0.2758,0.276594,0.331569,0.328336,0.334313,0.337115,0.343364,0.355858,0.353848,0.343523,0.344915,0.249406,0.197138,0.186717
Kazachstania_transvaalensis_2,Kazachstania,transvaalensis,2,PostWGD_m,0.281589,0.281872,0.274489,0.260826,0.271272,0.270956,0.289449,0.290077,0.299703,0.396864,0.350566,0.263062,0.253428,0.257943,0.261856,0.266562,0.264435,0.266046,0.265942,0.28241,0.177022,0.165055,0.169181,0.094224,0,0.113426,0.127703,0.145557,0.142293,0.163901,0.171842,0.225422,0.144116,0.130923,0.177046,0.192637,0.17698,0.195572,0.202238,0.212579,0.190934,0.213126,0.233099,0.237392,0.230904,0.227517,0.202115,0.203082,0.209493,0.62358,0.463524,0.468698,0.46218,0.426861,0.484584,0.416486,0.352153,0.237429,0.236956,0.243707,0.237848,0.242249,0.253032,0.246654,0.254069,0.239977,0.247791,0.246303,0.295206,0.30128,0.303969,0.305324,0.303339,0.3021,0.305001,0.304017,0.299645,0.302288,0.30385,0.304644,0.359619,0.356386,0.362363,0.365165,0.371414,0.383908,0.381898,0.371573,0.372965,0.277456,0.225188,0.214767
Kazachstania_turicensis_1,Kazachstania,turicensis,1,PostWGD_m,0.247388,0.247671,0.240288,0.226625,0.237071,0.236755,0.255248,0.255876,0.265502,0.362663,0.316365,0.228861,0.219227,0.223742,0.227655,0.232361,0.230234,0.231845,0.231741,0.248209,0.142821,0.130854,0.13498,0.136985,0.163901,0.135851,0.150128,0.122294,0.11903,0,0.116411,0.169991,0.099273,0.08608,0.142845,0.158436,0.142779,0.161371,0.168037,0.178378,0.156733,0.178925,0.198898,0.203191,0.196703,0.193316,0.167914,0.168881,0.175292,0.589379,0.429323,0.434497,0.427979,0.39266,0.450383,0.382285,0.317952,0.203228,0.202755,0.209506,0.203647,0.208048,0.218831,0.212453,0.219868,0.205776,0.21359,0.212102,0.261005,0.267079,0.269768,0.271123,0.269138,0.267899,0.2708,0.269816,0.265444,0.268087,0.269649,0.270443,0.325418,0.322185,0.328162,0.330964,0.337213,0.349707,0.347697,0.337372,0.338764,0.243255,0.190987,0.180566
Kazachstania_turicensis_2,Kazachstania,turicensis,2,PostWGD_m,0.256838,0.257121,0.249738,0.236075,0.246521,0.246205,0.264698,0.265326,0.274952,0.372113,0.325815,0.238311,0.228677,0.233192,0.237105,0.241811,0.239684,0.241295,0.241191,0.257659,0.152271,0.140304,0.153864,0.165721,0.192637,0.164587,0.178864,0.15103,0.147766,0.158436,0.166377,0.219957,0.138651,0.125458,0.058379,0,0.088577,0.138543,0.145209,0.15555,0.133905,0.177353,0.197326,0.201619,0.195131,0.191744,0.166342,0.167309,0.17372,0.587807,0.427751,0.432925,0.426407,0.391088,0.448811,0.391735,0.327402,0.212678,0.212205,0.218956,0.213097,0.217498,0.228281,0.221903,0.229318,0.215226,0.22304,0.221552,0.270455,0.276529,0.279218,0.280573,0.278588,0.277349,0.28025,0.279266,0.274894,0.277537,0.279099,0.279893,0.334868,0.331635,0.337612,0.340414,0.346663,0.359157,0.357147,0.346822,0.348214,0.252705,0.200437,0.190016
Kazachstania_viticola_1,Kazachstania,viticola,1,PostWGD_m,0.27678,0.277063,0.26968,0.256017,0.266463,0.266147,0.28464,0.285268,0.294894,0.392055,0.345757,0.258253,0.248619,0.253134,0.257047,0.261753,0.259626,0.261237,0.261133,0.277601,0.172213,0.160246,0.173806,0.185663,0.212579,0.184529,0.198806,0.170972,0.167708,0.178378,0.186319,0.239899,0.158593,0.1454,0.139959,0.15555,0.139893,0.131781,0.119131,0,0.142571,0.197295,0.217268,0.221561,0.215073,0.211686,0.186284,0.187251,0.193662,0.607749,0.447693,0.452867,0.446349,0.41103,0.468753,0.411677,0.347344,0.23262,0.232147,0.238898,0.233039,0.23744,0.248223,0.241845,0.24926,0.235168,0.242982,0.241494,0.290397,0.296471,0.29916,0.300515,0.29853,0.297291,0.300192,0.299208,0.294836,0.297479,0.299041,0.299835,0.35481,0.351577,0.357554,0.360356,0.366605,0.379099,0.377089,0.366764,0.368156,0.272647,0.220379,0.209958
Kazachstania_viticola_2,Kazachstania,viticola,2,PostWGD_m,0.242816,0.243099,0.235716,0.222053,0.232499,0.232183,0.250676,0.251304,0.26093,0.358091,0.311793,0.224289,0.214655,0.21917,0.223083,0.227789,0.225662,0.227273,0.227169,0.243637,0.138249,0.126282,0,0.142265,0.169181,0.141131,0.155408,0.127574,0.12431,0.13498,0.142921,0.196501,0.115195,0.102002,0.138273,0.153864,0.138207,0.156799,0.163465,0.173806,0.152161,0.174353,0.194326,0.198619,0.192131,0.188744,0.163342,0.164309,0.17072,0.584807,0.424751,0.429925,0.423407,0.388088,0.445811,0.377713,0.31338,0.198656,0.198183,0.204934,0.199075,0.203476,0.214259,0.207881,0.215296,0.201204,0.209018,0.20753,0.256433,0.262507,0.265196,0.266551,0.264566,0.263327,0.266228,0.265244,0.260872,0.263515,0.265077,0.265871,0.320846,0.317613,0.32359,0.326392,0.332641,0.345135,0.343125,0.3328,0.334192,0.238683,0.186415,0.175994
Kazachstania_yakushimaensis_1,Kazachstania,yakushimaensis,1,PostWGD_m,0.267816,0.268099,0.260716,0.247053,0.257499,0.257183,0.275676,0.276304,0.28593,0.383091,0.336793,0.249289,0.239655,0.24417,0.248083,0.252789,0.250662,0.252273,0.252169,0.268637,0.163249,0.151282,0.155408,0.100787,0.127703,0.045777,0,0.131784,0.12852,0.150128,0.158069,0.211649,0.130343,0.11715,0.163273,0.178864,0.163207,0.181799,0.188465,0.198806,0.177161,0.199353,0.219326,0.223619,0.217131,0.213744,0.188342,0.189309,0.19572,0.609807,0.449751,0.454925,0.448407,0.413088,0.470811,0.402713,0.33838,0.223656,0.223183,0.229934,0.224075,0.228476,0.239259,0.232881,0.240296,0.226204,0.234018,0.23253,0.281433,0.287507,0.290196,0.291551,0.289566,0.288327,0.291228,0.290244,0.285872,0.288515,0.290077,0.290871,0.345846,0.342613,0.34859,0.351392,0.357641,0.370135,0.368125,0.3578,0.359192,0.263683,0.211415,0.200994
Kazachstania_yakushimaensis_2,Kazachstania,yakushimaensis,2,PostWGD_m,0.254673,0.254956,0.247573,0.23391,0.244356,0.24404,0.262533,0.263161,0.272787,0.369948,0.32365,0.236146,0.226512,0.231027,0.23494,0.239646,0.237519,0.23913,0.239026,0.255494,0.150106,0.138139,0.142265,0,0.094224,0.08651,0.100787,0.118641,0.115377,0.136985,0.144926,0.198506,0.1172,0.104007,0.15013,0.165721,0.150064,0.168656,0.175322,0.185663,0.164018,0.18621,0.206183,0.210476,0.203988,0.200601,0.175199,0.176166,0.182577,0.596664,0.436608,0.441782,0.435264,0.399945,0.457668,0.38957,0.325237,0.210513,0.21004,0.216791,0.210932,0.215333,0.226116,0.219738,0.227153,0.213061,0.220875,0.219387,0.26829,0.274364,0.277053,0.278408,0.276423,0.275184,0.278085,0.277101,0.272729,0.275372,0.276934,0.277728,0.332703,0.32947,0.335447,0.338249,0.344498,0.356992,0.354982,0.344657,0.346049,0.25054,0.198272,0.187851
Kluyveromyces_aestuarii_1,Kluyveromyces,aestuarii,1,Outgroup,0.21722,0.217503,0.21012,0.196457,0.206903,0.206587,0.22508,0.225708,0.235334,0.332495,0.286197,0.198693,0.189059,0.193574,0.197487,0.202193,0.200066,0.201677,0.201573,0.269211,0.248247,0.2731,0.326392,0.338249,0.365165,0.337115,0.351392,0.323558,0.320294,0.330964,0.338905,0.392485,0.311179,0.297986,0.324823,0.340414,0.324757,0.343349,0.350015,0.360356,0.338711,0.360903,0.380876,0.385169,0.378681,0.375294,0.349892,0.350859,0.35727,0.771357,0.611301,0.616475,0.609957,0.574638,0.632361,0.535353,0.47102,0.152218,0.151745,0.158496,0.152637,0.157038,0.167821,0.161443,0.168858,0.154766,0.16258,0.161092,0.105459,0.111533,0.114222,0.115577,0.113592,0.112353,0.115254,0.11427,0.109898,0.112541,0.114103,0.114897,0.031686,0.028453,0.03443,0,0.106463,0.118957,0.116947,0.106622,0.108014,0.087709,0.139977,0.150398
Kluyveromyces_dobzhanskii_1,Kluyveromyces,dobzhanskii,1,Outgroup,0.208441,0.208724,0.201341,0.187678,0.198124,0.197808,0.216301,0.216929,0.226555,0.323716,0.277418,0.189914,0.18028,0.184795,0.188708,0.193414,0.191287,0.192898,0.192794,0.260432,0.239468,0.264321,0.317613,0.32947,0.356386,0.328336,0.342613,0.314779,0.311515,0.322185,0.330126,0.383706,0.3024,0.289207,0.316044,0.331635,0.315978,0.33457,0.341236,0.351577,0.329932,0.352124,0.372097,0.37639,0.369902,0.366515,0.341113,0.34208,0.348491,0.762578,0.602522,0.607696,0.601178,0.565859,0.623582,0.526574,0.462241,0.143439,0.142966,0.149717,0.143858,0.148259,0.159042,0.152664,0.160079,0.145987,0.153801,0.152313,0.09668,0.102754,0.105443,0.106798,0.104813,0.103574,0.106475,0.105491,0.101119,0.103762,0.105324,0.106118,0.015613,0,0.018357,0.028453,0.097684,0.110178,0.108168,0.097843,0.099235,0.07893,0.131198,0.141619
Kluyveromyces_lactis_1,Kluyveromyces,lactis,1,Outgroup,0.214418,0.214701,0.207318,0.193655,0.204101,0.203785,0.222278,0.222906,0.232532,0.329693,0.283395,0.195891,0.186257,0.190772,0.194685,0.199391,0.197264,0.198875,0.198771,0.266409,0.245445,0.270298,0.32359,0.335447,0.362363,0.334313,0.34859,0.320756,0.317492,0.328162,0.336103,0.389683,0.308377,0.295184,0.322021,0.337612,0.321955,0.340547,0.347213,0.357554,0.335909,0.358101,0.378074,0.382367,0.375879,0.372492,0.34709,0.348057,0.354468,0.768555,0.608499,0.613673,0.607155,0.571836,0.629559,0.532551,0.468218,0.149416,0.148943,0.155694,0.149835,0.154236,0.165019,0.158641,0.166056,0.151964,0.159778,0.15829,0.102657,0.108731,0.11142,0.112775,0.11079,0.109551,0.112452,0.111468,0.107096,0.109739,0.111301,0.112095,0.02159,0.018357,0,0.03443,0.103661,0.116155,0.114145,0.10382,0.105212,0.084907,0.137175,0.147596
Kluyveromyces_marxianus_1,Kluyveromyces,marxianus,1,Outgroup,0.211674,0.211957,0.204574,0.190911,0.201357,0.201041,0.219534,0.220162,0.229788,0.326949,0.280651,0.193147,0.183513,0.188028,0.191941,0.196647,0.19452,0.196131,0.196027,0.263665,0.242701,0.267554,0.320846,0.332703,0.359619,0.331569,0.345846,0.318012,0.314748,0.325418,0.333359,0.386939,0.305633,0.29244,0.319277,0.334868,0.319211,0.337803,0.344469,0.35481,0.333165,0.355357,0.37533,0.379623,0.373135,0.369748,0.344346,0.345313,0.351724,0.765811,0.605755,0.610929,0.604411,0.569092,0.626815,0.529807,0.465474,0.146672,0.146199,0.15295,0.147091,0.151492,0.162275,0.155897,0.163312,0.14922,0.157034,0.155546,0.099913,0.105987,0.108676,0.110031,0.108046,0.106807,0.109708,0.108724,0.104352,0.106995,0.108557,0.109351,0,0.015613,0.02159,0.031686,0.100917,0.113411,0.111401,0.101076,0.102468,0.082163,0.134431,0.144852
Lachancea_cidri_1,Lachancea,cidri,1,Outgroup,0.155905,0.156188,0.148805,0.135142,0.145588,0.145272,0.163765,0.164393,0.174019,0.27118,0.224882,0.137378,0.127744,0.132259,0.136172,0.140878,0.138751,0.140362,0.140258,0.207896,0.186932,0.211785,0.265077,0.276934,0.30385,0.2758,0.290077,0.262243,0.258979,0.269649,0.27759,0.33117,0.249864,0.236671,0.263508,0.279099,0.263442,0.282034,0.2887,0.299041,0.277396,0.299588,0.319561,0.323854,0.317366,0.313979,0.288577,0.289544,0.295955,0.710042,0.549986,0.55516,0.548642,0.513323,0.571046,0.474038,0.409705,0.090903,0.09043,0.097181,0.091322,0.095723,0.106506,0.100128,0.107543,0.093451,0.101265,0.099777,0.029814,0.035888,0.038577,0.039932,0.037947,0.036708,0.039609,0.038625,0.034253,0.023056,0,0.05054,0.108557,0.105324,0.111301,0.114103,0.120352,0.132846,0.130836,0.120511,0.121903,0.026394,0.078662,0.089083
Lachancea_dasiensis_1,Lachancea,dasiensis,1,Outgroup,0.157056,0.157339,0.149956,0.136293,0.146739,0.146423,0.164916,0.165544,0.17517,0.272331,0.226033,0.138529,0.128895,0.13341,0.137323,0.142029,0.139902,0.141513,0.141409,0.209047,0.188083,0.212936,0.266228,0.278085,0.305001,0.276951,0.291228,0.263394,0.26013,0.2708,0.278741,0.332321,0.251015,0.237822,0.264659,0.28025,0.264593,0.283185,0.289851,0.300192,0.278547,0.300739,0.320712,0.325005,0.318517,0.31513,0.289728,0.290695,0.297106,0.711193,0.551137,0.556311,0.549793,0.514474,0.572197,0.475189,0.410856,0.092054,0.091581,0.098332,0.092473,0.096874,0.107657,0.101279,0.108694,0.094602,0.102416,0.100928,0.021275,0.027349,0.030038,0.023301,0.021316,0.020077,0,0.021994,0.03185,0.038047,0.039609,0.051691,0.109708,0.106475,0.112452,0.115254,0.121503,0.133997,0.131987,0.121662,0.123054,0.027545,0.079813,0.090234
Lachancea_fantastica_1,Lachancea,fantastica,1,Outgroup,0.155394,0.155677,0.148294,0.134631,0.145077,0.144761,0.163254,0.163882,0.173508,0.270669,0.224371,0.136867,0.127233,0.131748,0.135661,0.140367,0.13824,0.139851,0.139747,0.207385,0.186421,0.211274,0.264566,0.276423,0.303339,0.275289,0.289566,0.261732,0.258468,0.269138,0.277079,0.330659,0.249353,0.23616,0.262997,0.278588,0.262931,0.281523,0.288189,0.29853,0.276885,0.299077,0.31905,0.323343,0.316855,0.313468,0.288066,0.289033,0.295444,0.709531,0.549475,0.554649,0.548131,0.512812,0.570535,0.473527,0.409194,0.090392,0.089919,0.09667,0.090811,0.095212,0.105995,0.099617,0.107032,0.09294,0.100754,0.099266,0.019613,0.025687,0.028376,0.008217,0,0.014433,0.021316,0.020332,0.030188,0.036385,0.037947,0.050029,0.108046,0.104813,0.11079,0.113592,0.119841,0.132335,0.130325,0.12,0.121392,0.025883,0.078151,0.088572
Lachancea_fermentati_1,Lachancea,fermentati,1,Outgroup,0.154343,0.154626,0.147243,0.13358,0.144026,0.14371,0.162203,0.162831,0.172457,0.269618,0.22332,0.135816,0.126182,0.130697,0.13461,0.139316,0.137189,0.1388,0.138696,0.206334,0.18537,0.210223,0.263515,0.275372,0.302288,0.274238,0.288515,0.260681,0.257417,0.268087,0.276028,0.329608,0.248302,0.235109,0.261946,0.277537,0.26188,0.280472,0.287138,0.297479,0.275834,0.298026,0.317999,0.322292,0.315804,0.312417,0.287015,0.287982,0.294393,0.70848,0.548424,0.553598,0.54708,0.511761,0.569484,0.472476,0.408143,0.089341,0.088868,0.095619,0.08976,0.094161,0.104944,0.098566,0.105981,0.091889,0.099703,0.098215,0.028252,0.034326,0.037015,0.03837,0.036385,0.035146,0.038047,0.037063,0.032691,0,0.023056,0.048978,0.106995,0.103762,0.109739,0.112541,0.11879,0.131284,0.129274,0.118949,0.120341,0.024832,0.0771,0.087521
Lachancea_kluyveri_1,Lachancea,kluyveri,1,Outgroup,0.156699,0.156982,0.149599,0.135936,0.146382,0.146066,0.164559,0.165187,0.174813,0.271974,0.225676,0.138172,0.128538,0.133053,0.136966,0.141672,0.139545,0.141156,0.141052,0.20869,0.187726,0.212579,0.265871,0.277728,0.304644,0.276594,0.290871,0.263037,0.259773,0.270443,0.278384,0.331964,0.250658,0.237465,0.264302,0.279893,0.264236,0.282828,0.289494,0.299835,0.27819,0.300382,0.320355,0.324648,0.31816,0.314773,0.289371,0.290338,0.296749,0.710836,0.55078,0.555954,0.549436,0.514117,0.57184,0.474832,0.410499,0.091697,0.091224,0.097975,0.092116,0.096517,0.1073,0.100922,0.108337,0.094245,0.102059,0.100571,0.041896,0.04797,0.050659,0.052014,0.050029,0.04879,0.051691,0.050707,0.046335,0.048978,0.05054,0,0.109351,0.106118,0.112095,0.114897,0.121146,0.13364,0.13163,0.121305,0.122697,0.027188,0.079456,0.089877
Lachancea_lanzarotensis_1,Lachancea,lanzarotensis,1,Outgroup,0.157379,0.157662,0.150279,0.136616,0.147062,0.146746,0.165239,0.165867,0.175493,0.272654,0.226356,0.138852,0.129218,0.133733,0.137646,0.142352,0.140225,0.141836,0.141732,0.20937,0.188406,0.213259,0.266551,0.278408,0.305324,0.277274,0.291551,0.263717,0.260453,0.271123,0.279064,0.332644,0.251338,0.238145,0.264982,0.280573,0.264916,0.283508,0.290174,0.300515,0.27887,0.301062,0.321035,0.325328,0.31884,0.315453,0.290051,0.291018,0.297429,0.711516,0.55146,0.556634,0.550116,0.514797,0.57252,0.475512,0.411179,0.092377,0.091904,0.098655,0.092796,0.097197,0.10798,0.101602,0.109017,0.094925,0.102739,0.101251,0.021598,0.027672,0.030361,0,0.008217,0.016418,0.023301,0.022317,0.032173,0.03837,0.039932,0.052014,0.110031,0.106798,0.112775,0.115577,0.121826,0.13432,0.13231,0.121985,0.123377,0.027868,0.080136,0.090557
Lachancea_meyersii_1,Lachancea,meyersii,1,Outgroup,0.154155,0.154438,0.147055,0.133392,0.143838,0.143522,0.162015,0.162643,0.172269,0.26943,0.223132,0.135628,0.125994,0.130509,0.134422,0.139128,0.137001,0.138612,0.138508,0.206146,0.185182,0.210035,0.263327,0.275184,0.3021,0.27405,0.288327,0.260493,0.257229,0.267899,0.27584,0.32942,0.248114,0.234921,0.261758,0.277349,0.261692,0.280284,0.28695,0.297291,0.275646,0.297838,0.317811,0.322104,0.315616,0.312229,0.286827,0.287794,0.294205,0.708292,0.548236,0.55341,0.546892,0.511573,0.569296,0.472288,0.407955,0.089153,0.08868,0.095431,0.089572,0.093973,0.104756,0.098378,0.105793,0.091701,0.099515,0.098027,0.018374,0.024448,0.027137,0.016418,0.014433,0,0.020077,0.019093,0.028949,0.035146,0.036708,0.04879,0.106807,0.103574,0.109551,0.112353,0.118602,0.131096,0.129086,0.118761,0.120153,0.024644,0.076912,0.087333
Lachancea_mirantina_1,Lachancea,mirantina,1,Outgroup,0.1517,0.151983,0.1446,0.130937,0.141383,0.141067,0.15956,0.160188,0.169814,0.266975,0.220677,0.133173,0.123539,0.128054,0.131967,0.136673,0.134546,0.136157,0.136053,0.203691,0.182727,0.20758,0.260872,0.272729,0.299645,0.271595,0.285872,0.258038,0.254774,0.265444,0.273385,0.326965,0.245659,0.232466,0.259303,0.274894,0.259237,0.277829,0.284495,0.294836,0.273191,0.295383,0.315356,0.319649,0.313161,0.309774,0.284372,0.285339,0.29175,0.705837,0.545781,0.550955,0.544437,0.509118,0.566841,0.469833,0.4055,0.086698,0.086225,0.092976,0.087117,0.091518,0.102301,0.095923,0.103338,0.089246,0.09706,0.095572,0.022055,0.028129,0.030818,0.032173,0.030188,0.028949,0.03185,0.030866,0,0.032691,0.034253,0.046335,0.104352,0.101119,0.107096,0.109898,0.116147,0.128641,0.126631,0.116306,0.117698,0.022189,0.074457,0.084878
Lachancea_nothofagi_1,Lachancea,nothofagi,1,Outgroup,0.156072,0.156355,0.148972,0.135309,0.145755,0.145439,0.163932,0.16456,0.174186,0.271347,0.225049,0.137545,0.127911,0.132426,0.136339,0.141045,0.138918,0.140529,0.140425,0.208063,0.187099,0.211952,0.265244,0.277101,0.304017,0.275967,0.290244,0.26241,0.259146,0.269816,0.277757,0.331337,0.250031,0.236838,0.263675,0.279266,0.263609,0.282201,0.288867,0.299208,0.277563,0.299755,0.319728,0.324021,0.317533,0.314146,0.288744,0.289711,0.296122,0.710209,0.550153,0.555327,0.548809,0.51349,0.571213,0.474205,0.409872,0.09107,0.090597,0.097348,0.091489,0.09589,0.106673,0.100295,0.10771,0.093618,0.101432,0.099944,0.020291,0.026365,0.029054,0.022317,0.020332,0.019093,0.021994,0,0.030866,0.037063,0.038625,0.050707,0.108724,0.105491,0.111468,0.11427,0.120519,0.133013,0.131003,0.120678,0.12207,0.026561,0.078829,0.08925
Lachancea_quebecensis_1,Lachancea,quebecensis,1,Outgroup,0.156024,0.156307,0.148924,0.135261,0.145707,0.145391,0.163884,0.164512,0.174138,0.271299,0.225001,0.137497,0.127863,0.132378,0.136291,0.140997,0.13887,0.140481,0.140377,0.208015,0.187051,0.211904,0.265196,0.277053,0.303969,0.275919,0.290196,0.262362,0.259098,0.269768,0.277709,0.331289,0.249983,0.23679,0.263627,0.279218,0.263561,0.282153,0.288819,0.29916,0.277515,0.299707,0.31968,0.323973,0.317485,0.314098,0.288696,0.289663,0.296074,0.710161,0.550105,0.555279,0.548761,0.513442,0.571165,0.474157,0.409824,0.091022,0.090549,0.0973,0.091441,0.095842,0.106625,0.100247,0.107662,0.09357,0.101384,0.099896,0.018065,0.007035,0,0.030361,0.028376,0.027137,0.030038,0.029054,0.030818,0.037015,0.038577,0.050659,0.108676,0.105443,0.11142,0.114222,0.120471,0.132965,0.130955,0.12063,0.122022,0.026513,0.078781,0.089202
Lachancea_thermotolerans_1,Lachancea,thermotolerans,1,Outgroup,0.153335,0.153618,0.146235,0.132572,0.143018,0.142702,0.161195,0.161823,0.171449,0.26861,0.222312,0.134808,0.125174,0.129689,0.133602,0.138308,0.136181,0.137792,0.137688,0.205326,0.184362,0.209215,0.262507,0.274364,0.30128,0.27323,0.287507,0.259673,0.256409,0.267079,0.27502,0.3286,0.247294,0.234101,0.260938,0.276529,0.260872,0.279464,0.28613,0.296471,0.274826,0.297018,0.316991,0.321284,0.314796,0.311409,0.286007,0.286974,0.293385,0.707472,0.547416,0.55259,0.546072,0.510753,0.568476,0.471468,0.407135,0.088333,0.08786,0.094611,0.088752,0.093153,0.103936,0.097558,0.104973,0.090881,0.098695,0.097207,0.015376,0,0.007035,0.027672,0.025687,0.024448,0.027349,0.026365,0.028129,0.034326,0.035888,0.04797,0.105987,0.102754,0.108731,0.111533,0.117782,0.130276,0.128266,0.117941,0.119333,0.023824,0.076092,0.086513
Lachancea_waltii_1,Lachancea,waltii,1,Outgroup,0.147261,0.147544,0.140161,0.126498,0.136944,0.136628,0.155121,0.155749,0.165375,0.262536,0.216238,0.128734,0.1191,0.123615,0.127528,0.132234,0.130107,0.131718,0.131614,0.199252,0.178288,0.203141,0.256433,0.26829,0.295206,0.267156,0.281433,0.253599,0.250335,0.261005,0.268946,0.322526,0.24122,0.228027,0.254864,0.270455,0.254798,0.27339,0.280056,0.290397,0.268752,0.290944,0.310917,0.31521,0.308722,0.305335,0.279933,0.2809,0.287311,0.701398,0.541342,0.546516,0.539998,0.504679,0.562402,0.465394,0.401061,0.082259,0.081786,0.088537,0.082678,0.087079,0.097862,0.091484,0.098899,0.084807,0.092621,0.091133,0,0.015376,0.018065,0.021598,0.019613,0.018374,0.021275,0.020291,0.022055,0.028252,0.029814,0.041896,0.099913,0.09668,0.102657,0.105459,0.111708,0.124202,0.122192,0.111867,0.113259,0.01775,0.070018,0.080439
Nakaseomyces_bacillisporus_1,Nakaseomyces,bacillisporus,1,PostWGD_m,0.115117,0.1154,0.108017,0.094354,0.090902,0.090586,0.109079,0.109707,0.119333,0.204266,0.157968,0,0.086956,0.091471,0.095384,0.10009,0.097963,0.099574,0.09947,0.167108,0.146144,0.170997,0.224289,0.236146,0.263062,0.235012,0.249289,0.221455,0.218191,0.228861,0.236802,0.290382,0.209076,0.195883,0.22272,0.238311,0.222654,0.241246,0.247912,0.258253,0.236608,0.2588,0.278773,0.283066,0.276578,0.273191,0.247789,0.248756,0.255167,0.669254,0.509198,0.514372,0.507854,0.472535,0.530258,0.43325,0.368917,0.070957,0.070484,0.077235,0.071376,0.075777,0.08656,0.080182,0.087597,0.073505,0.081319,0.079831,0.128734,0.134808,0.137497,0.138852,0.136867,0.135628,0.138529,0.137545,0.133173,0.135816,0.137378,0.138172,0.193147,0.189914,0.195891,0.198693,0.204942,0.217436,0.215426,0.205101,0.206493,0.110984,0.058716,0.048295
Nakaseomyces_bacillisporus_2,Nakaseomyces,bacillisporus,2,PostWGD_m,0.202621,0.202904,0.195521,0.181858,0.178406,0.17809,0.196583,0.197211,0.206837,0.156668,0,0.157968,0.17446,0.178975,0.182888,0.187594,0.185467,0.187078,0.186974,0.254612,0.233648,0.258501,0.311793,0.32365,0.350566,0.322516,0.336793,0.308959,0.305695,0.316365,0.324306,0.377886,0.29658,0.283387,0.310224,0.325815,0.310158,0.32875,0.335416,0.345757,0.324112,0.346304,0.366277,0.37057,0.364082,0.360695,0.335293,0.33626,0.342671,0.756758,0.596702,0.601876,0.595358,0.560039,0.617762,0.520754,0.456421,0.158461,0.157988,0.164739,0.15888,0.163281,0.174064,0.167686,0.175101,0.161009,0.168823,0.167335,0.216238,0.222312,0.225001,0.226356,0.224371,0.223132,0.226033,0.225049,0.220677,0.22332,0.224882,0.225676,0.280651,0.277418,0.283395,0.286197,0.292446,0.30494,0.30293,0.292605,0.293997,0.198488,0.14622,0.135799
Nakaseomyces_delphensis_1,Nakaseomyces,delphensis,1,PostWGD_l,0.04376,0.044043,0,0.058533,0.116227,0.115911,0.134404,0.135032,0.144658,0.241819,0.195521,0.108017,0.098383,0.102898,0.106811,0.111517,0.10939,0.111001,0.110897,0.178535,0.157571,0.182424,0.235716,0.247573,0.274489,0.246439,0.260716,0.232882,0.229618,0.240288,0.248229,0.301809,0.220503,0.20731,0.234147,0.249738,0.234081,0.252673,0.259339,0.26968,0.248035,0.270227,0.2902,0.294493,0.288005,0.284618,0.259216,0.260183,0.266594,0.680681,0.520625,0.525799,0.519281,0.483962,0.541685,0.444677,0.380344,0.082384,0.081911,0.088662,0.082803,0.087204,0.097987,0.091609,0.099024,0.084932,0.092746,0.091258,0.140161,0.146235,0.148924,0.150279,0.148294,0.147055,0.149956,0.148972,0.1446,0.147243,0.148805,0.149599,0.204574,0.201341,0.207318,0.21012,0.216369,0.228863,0.226853,0.216528,0.21792,0.122411,0.070143,0.059722
Naumovozyma_castellii_NCAS0A01090,Naumovozyma,castellii,1,PostWGD_m,0.451777,0.45206,0.444677,0.431014,0.44146,0.441144,0.459637,0.460265,0.469891,0.567052,0.520754,0.43325,0.423616,0.428131,0.432044,0.43675,0.434623,0.436234,0.43613,0.452598,0.34721,0.335243,0.377713,0.38957,0.416486,0.388436,0.402713,0.374879,0.371615,0.382285,0.390226,0.443806,0.3625,0.349307,0.376144,0.391735,0.376078,0.39467,0.401336,0.411677,0.390032,0.412224,0.432197,0.43649,0.430002,0.426615,0.401213,0.40218,0.408591,0.822678,0.662622,0.667796,0.661278,0.625959,0.683682,0,0.347477,0.407617,0.407144,0.413895,0.408036,0.412437,0.42322,0.416842,0.424257,0.410165,0.417979,0.416491,0.465394,0.471468,0.474157,0.475512,0.473527,0.472288,0.475189,0.474205,0.469833,0.472476,0.474038,0.474832,0.529807,0.526574,0.532551,0.535353,0.541602,0.554096,0.552086,0.541761,0.543153,0.447644,0.395376,0.384955
Naumovozyma_castellii_NCAS0D03820,Naumovozyma,castellii,2,PostWGD_m,0.164671,0.164954,0.157571,0.143908,0.154354,0.154038,0.172531,0.173159,0.182785,0.279946,0.233648,0.146144,0.13651,0.141025,0.144938,0.149644,0.147517,0.149128,0.149024,0.165492,0,0.084957,0.138249,0.150106,0.177022,0.148972,0.163249,0.135415,0.132151,0.142821,0.150762,0.204342,0.123036,0.109843,0.13668,0.152271,0.136614,0.155206,0.161872,0.172213,0.150568,0.17276,0.192733,0.197026,0.190538,0.187151,0.161749,0.162716,0.169127,0.583214,0.423158,0.428332,0.421814,0.386495,0.444218,0.34721,0.282877,0.120511,0.120038,0.126789,0.12093,0.125331,0.136114,0.129736,0.137151,0.123059,0.130873,0.129385,0.178288,0.184362,0.187051,0.188406,0.186421,0.185182,0.188083,0.187099,0.182727,0.18537,0.186932,0.187726,0.242701,0.239468,0.245445,0.248247,0.254496,0.26699,0.26498,0.254655,0.256047,0.160538,0.10827,0.097849
Naumovozyma_dairenensis_NDAI0F01640,Naumovozyma,dairenensis,1,PostWGD_m,0.387444,0.387727,0.380344,0.366681,0.377127,0.376811,0.395304,0.395932,0.405558,0.502719,0.456421,0.368917,0.359283,0.363798,0.367711,0.372417,0.37029,0.371901,0.371797,0.388265,0.282877,0.27091,0.31338,0.325237,0.352153,0.324103,0.33838,0.310546,0.307282,0.317952,0.325893,0.379473,0.298167,0.284974,0.311811,0.327402,0.311745,0.330337,0.337003,0.347344,0.325699,0.347891,0.367864,0.372157,0.365669,0.362282,0.33688,0.337847,0.344258,0.758345,0.598289,0.603463,0.596945,0.561626,0.619349,0.347477,0,0.343284,0.342811,0.349562,0.343703,0.348104,0.358887,0.352509,0.359924,0.345832,0.353646,0.352158,0.401061,0.407135,0.409824,0.411179,0.409194,0.407955,0.410856,0.409872,0.4055,0.408143,0.409705,0.410499,0.465474,0.462241,0.468218,0.47102,0.477269,0.489763,0.487753,0.477428,0.47882,0.383311,0.331043,0.320622
Naumovozyma_dairenensis_NDAI0I01070,Naumovozyma,dairenensis,2,PostWGD_m,0.189524,0.189807,0.182424,0.168761,0.179207,0.178891,0.197384,0.198012,0.207638,0.304799,0.258501,0.170997,0.161363,0.165878,0.169791,0.174497,0.17237,0.173981,0.173877,0.190345,0.084957,0,0.126282,0.138139,0.165055,0.137005,0.151282,0.123448,0.120184,0.130854,0.138795,0.192375,0.111069,0.097876,0.124713,0.140304,0.124647,0.143239,0.149905,0.160246,0.138601,0.160793,0.180766,0.185059,0.178571,0.175184,0.149782,0.150749,0.15716,0.571247,0.411191,0.416365,0.409847,0.374528,0.432251,0.335243,0.27091,0.145364,0.144891,0.151642,0.145783,0.150184,0.160967,0.154589,0.162004,0.147912,0.155726,0.154238,0.203141,0.209215,0.211904,0.213259,0.211274,0.210035,0.212936,0.211952,0.20758,0.210223,0.211785,0.212579,0.267554,0.264321,0.270298,0.2731,0.279349,0.291843,0.289833,0.279508,0.2809,0.185391,0.133123,0.122702
Saccharomyces_arboricola_1,Saccharomyces,arboricola,1,PostWGD_l,0.118617,0.1189,0.111517,0.097854,0.1083,0.107984,0.126477,0.127105,0.136731,0.233892,0.187594,0.10009,0.013134,0.012179,0.012406,0,0.007675,0.012078,0.011974,0.170608,0.149644,0.174497,0.227789,0.239646,0.266562,0.238512,0.252789,0.224955,0.221691,0.232361,0.240302,0.293882,0.212576,0.199383,0.22622,0.241811,0.226154,0.244746,0.251412,0.261753,0.240108,0.2623,0.282273,0.286566,0.280078,0.276691,0.251289,0.252256,0.258667,0.672754,0.512698,0.517872,0.511354,0.476035,0.533758,0.43675,0.372417,0.074457,0.073984,0.080735,0.074876,0.079277,0.09006,0.083682,0.091097,0.077005,0.084819,0.083331,0.132234,0.138308,0.140997,0.142352,0.140367,0.139128,0.142029,0.141045,0.136673,0.139316,0.140878,0.141672,0.196647,0.193414,0.199391,0.202193,0.208442,0.220936,0.218926,0.208601,0.209993,0.114484,0.062216,0.051795
Saccharomyces_cerevisiae_1,Saccharomyces,cerevisiae,1,PostWGD_l,0.105483,0.105766,0.098383,0.08472,0.095166,0.09485,0.113343,0.113971,0.123597,0.220758,0.17446,0.086956,0,0.004515,0.008428,0.013134,0.011007,0.012618,0.012514,0.157474,0.13651,0.161363,0.214655,0.226512,0.253428,0.225378,0.239655,0.211821,0.208557,0.219227,0.227168,0.280748,0.199442,0.186249,0.213086,0.228677,0.21302,0.231612,0.238278,0.248619,0.226974,0.249166,0.269139,0.273432,0.266944,0.263557,0.238155,0.239122,0.245533,0.65962,0.499564,0.504738,0.49822,0.462901,0.520624,0.423616,0.359283,0.061323,0.06085,0.067601,0.061742,0.066143,0.076926,0.070548,0.077963,0.063871,0.071685,0.070197,0.1191,0.125174,0.127863,0.129218,0.127233,0.125994,0.128895,0.127911,0.123539,0.126182,0.127744,0.128538,0.183513,0.18028,0.186257,0.189059,0.195308,0.207802,0.205792,0.195467,0.196859,0.10135,0.049082,0.038661
Saccharomyces_eubayanus_1,Saccharomyces,eubayanus,1,PostWGD_l,0.117997,0.11828,0.110897,0.097234,0.10768,0.107364,0.125857,0.126485,0.136111,0.233272,0.186974,0.09947,0.012514,0.011559,0.011786,0.011974,0.009847,0.00255,0,0.169988,0.149024,0.173877,0.227169,0.239026,0.265942,0.237892,0.252169,0.224335,0.221071,0.231741,0.239682,0.293262,0.211956,0.198763,0.2256,0.241191,0.225534,0.244126,0.250792,0.261133,0.239488,0.26168,0.281653,0.285946,0.279458,0.276071,0.250669,0.251636,0.258047,0.672134,0.512078,0.517252,0.510734,0.475415,0.533138,0.43613,0.371797,0.073837,0.073364,0.080115,0.074256,0.078657,0.08944,0.083062,0.090477,0.076385,0.084199,0.082711,0.131614,0.137688,0.140377,0.141732,0.139747,0.138508,0.141409,0.140425,0.136053,0.138696,0.140258,0.141052,0.196027,0.192794,0.198771,0.201573,0.207822,0.220316,0.218306,0.207981,0.209373,0.113864,0.061596,0.051175
Saccharomyces_kudriavzevii_1,Saccharomyces,kudriavzevii,1,PostWGD_l,0.11649,0.116773,0.10939,0.095727,0.106173,0.105857,0.12435,0.124978,0.134604,0.231765,0.185467,0.097963,0.011007,0.010052,0.010279,0.007675,0,0.009951,0.009847,0.168481,0.147517,0.17237,0.225662,0.237519,0.264435,0.236385,0.250662,0.222828,0.219564,0.230234,0.238175,0.291755,0.210449,0.197256,0.224093,0.239684,0.224027,0.242619,0.249285,0.259626,0.237981,0.260173,0.280146,0.284439,0.277951,0.274564,0.249162,0.250129,0.25654,0.670627,0.510571,0.515745,0.509227,0.473908,0.531631,0.434623,0.37029,0.07233,0.071857,0.078608,0.072749,0.07715,0.087933,0.081555,0.08897,0.074878,0.082692,0.081204,0.130107,0.136181,0.13887,0.140225,0.13824,0.137001,0.139902,0.138918,0.134546,0.137189,0.138751,0.139545,0.19452,0.191287,0.197264,0.200066,0.206315,0.218809,0.216799,0.206474,0.207866,0.112357,0.060089,0.049668
Saccharomyces_mikatae_1,Saccharomyces,mikatae,1,PostWGD_l,0.113911,0.114194,0.106811,0.093148,0.103594,0.103278,0.121771,0.122399,0.132025,0.229186,0.182888,0.095384,0.008428,0.007473,0,0.012406,0.010279,0.01189,0.011786,0.165902,0.144938,0.169791,0.223083,0.23494,0.261856,0.233806,0.248083,0.220249,0.216985,0.227655,0.235596,0.289176,0.20787,0.194677,0.221514,0.237105,0.221448,0.24004,0.246706,0.257047,0.235402,0.257594,0.277567,0.28186,0.275372,0.271985,0.246583,0.24755,0.253961,0.668048,0.507992,0.513166,0.506648,0.471329,0.529052,0.432044,0.367711,0.069751,0.069278,0.076029,0.07017,0.074571,0.085354,0.078976,0.086391,0.072299,0.080113,0.078625,0.127528,0.133602,0.136291,0.137646,0.135661,0.134422,0.137323,0.136339,0.131967,0.13461,0.136172,0.136966,0.191941,0.188708,0.194685,0.197487,0.203736,0.21623,0.21422,0.203895,0.205287,0.109778,0.05751,0.047089
Saccharomyces_paradoxus_1,Saccharomyces,paradoxus,1,PostWGD_l,0.109998,0.110281,0.102898,0.089235,0.099681,0.099365,0.117858,0.118486,0.128112,0.225273,0.178975,0.091471,0.004515,0,0.007473,0.012179,0.010052,0.011663,0.011559,0.161989,0.141025,0.165878,0.21917,0.231027,0.257943,0.229893,0.24417,0.216336,0.213072,0.223742,0.231683,0.285263,0.203957,0.190764,0.217601,0.233192,0.217535,0.236127,0.242793,0.253134,0.231489,0.253681,0.273654,0.277947,0.271459,0.268072,0.24267,0.243637,0.250048,0.664135,0.504079,0.509253,0.502735,0.467416,0.525139,0.428131,0.363798,0.065838,0.065365,0.072116,0.066257,0.070658,0.081441,0.075063,0.082478,0.068386,0.0762,0.074712,0.123615,0.129689,0.132378,0.133733,0.131748,0.130509,0.13341,0.132426,0.128054,0.130697,0.132259,0.133053,0.188028,0.184795,0.190772,0.193574,0.199823,0.212317,0.210307,0.199982,0.201374,0.105865,0.053597,0.043176
Saccharomyces_uvarum_1,Saccharomyces,uvarum,1,PostWGD_l,0.118101,0.118384,0.111001,0.097338,0.107784,0.107468,0.125961,0.126589,0.136215,0.233376,0.187078,0.099574,0.012618,0.011663,0.01189,0.012078,0.009951,0,0.00255,0.170092,0.149128,0.173981,0.227273,0.23913,0.266046,0.237996,0.252273,0.224439,0.221175,0.231845,0.239786,0.293366,0.21206,0.198867,0.225704,0.241295,0.225638,0.24423,0.250896,0.261237,0.239592,0.261784,0.281757,0.28605,0.279562,0.276175,0.250773,0.25174,0.258151,0.672238,0.512182,0.517356,0.510838,0.475519,0.533242,0.436234,0.371901,0.073941,0.073468,0.080219,0.07436,0.078761,0.089544,0.083166,0.090581,0.076489,0.084303,0.082815,0.131718,0.137792,0.140481,0.141836,0.139851,0.138612,0.141513,0.140529,0.136157,0.1388,0.140362,0.141156,0.196131,0.192898,0.198875,0.201677,0.207926,0.22042,0.21841,0.208085,0.209477,0.113968,0.0617,0.051279
Tetrapisispora_blattae_TBLA0A02040,Tetrapisispora,blattae,1,PostWGD_m,0.687781,0.688064,0.680681,0.667018,0.677464,0.677148,0.695641,0.696269,0.705895,0.803056,0.756758,0.669254,0.65962,0.664135,0.668048,0.672754,0.670627,0.672238,0.672134,0.688602,0.583214,0.571247,0.584807,0.596664,0.62358,0.59553,0.609807,0.581973,0.578709,0.589379,0.59732,0.6509,0.569594,0.556401,0.572216,0.587807,0.57215,0.590742,0.597408,0.607749,0.586104,0.57677,0.596743,0.601036,0.594548,0.591161,0.565759,0.547462,0.553873,0,0.54617,0.551344,0.544826,0.509507,0.67026,0.822678,0.758345,0.643621,0.643148,0.649899,0.64404,0.648441,0.659224,0.652846,0.660261,0.646169,0.653983,0.652495,0.701398,0.707472,0.710161,0.711516,0.709531,0.708292,0.711193,0.710209,0.705837,0.70848,0.710042,0.710836,0.765811,0.762578,0.768555,0.771357,0.777606,0.7901,0.78809,0.777765,0.779157,0.683648,0.63138,0.620959
Tetrapisispora_blattae_TBLA0B05310,Tetrapisispora,blattae,2,PostWGD_m,0.267283,0.267566,0.260183,0.24652,0.256966,0.25665,0.275143,0.275771,0.285397,0.382558,0.33626,0.248756,0.239122,0.243637,0.24755,0.252256,0.250129,0.25174,0.251636,0.268104,0.162716,0.150749,0.164309,0.176166,0.203082,0.175032,0.189309,0.161475,0.158211,0.168881,0.176822,0.230402,0.149096,0.135903,0.151718,0.167309,0.151652,0.170244,0.17691,0.187251,0.165606,0.156272,0.176245,0.180538,0.17405,0.170663,0.145261,0,0.072629,0.547462,0.387406,0.39258,0.386062,0.350743,0.408466,0.40218,0.337847,0.223123,0.22265,0.229401,0.223542,0.227943,0.238726,0.232348,0.239763,0.225671,0.233485,0.231997,0.2809,0.286974,0.289663,0.291018,0.289033,0.287794,0.290695,0.289711,0.285339,0.287982,0.289544,0.290338,0.345313,0.34208,0.348057,0.350859,0.357108,0.369602,0.367592,0.357267,0.358659,0.26315,0.210882,0.200461
Tetrapisispora_fleetii_1,Tetrapisispora,fleetii,1,PostWGD_m,0.295105,0.295388,0.288005,0.274342,0.284788,0.284472,0.302965,0.303593,0.313219,0.41038,0.364082,0.276578,0.266944,0.271459,0.275372,0.280078,0.277951,0.279562,0.279458,0.295926,0.190538,0.178571,0.192131,0.203988,0.230904,0.202854,0.217131,0.189297,0.186033,0.196703,0.204644,0.258224,0.176918,0.163725,0.17954,0.195131,0.179474,0.198066,0.204732,0.215073,0.193428,0.161996,0.141963,0.03611,0,0.056695,0.064955,0.17405,0.180461,0.594548,0.434492,0.439666,0.433148,0.397829,0.455552,0.430002,0.365669,0.250945,0.250472,0.257223,0.251364,0.255765,0.266548,0.26017,0.267585,0.253493,0.261307,0.259819,0.308722,0.314796,0.317485,0.31884,0.316855,0.315616,0.318517,0.317533,0.313161,0.315804,0.317366,0.31816,0.373135,0.369902,0.375879,0.378681,0.38493,0.397424,0.395414,0.385089,0.386481,0.290972,0.238704,0.228283
Tetrapisispora_fleetii_2,Tetrapisispora,fleetii,2,PostWGD_m,0.532899,0.533182,0.525799,0.512136,0.522582,0.522266,0.540759,0.541387,0.551013,0.648174,0.601876,0.514372,0.504738,0.509253,0.513166,0.517872,0.515745,0.517356,0.517252,0.53372,0.428332,0.416365,0.429925,0.441782,0.468698,0.440648,0.454925,0.427091,0.423827,0.434497,0.442438,0.496018,0.414712,0.401519,0.417334,0.432925,0.417268,0.43586,0.442526,0.452867,0.431222,0.421888,0.441861,0.446154,0.439666,0.436279,0.410877,0.39258,0.398991,0.551344,0.043968,0,0.07377,0.130943,0.515378,0.667796,0.603463,0.488739,0.488266,0.495017,0.489158,0.493559,0.504342,0.497964,0.505379,0.491287,0.499101,0.497613,0.546516,0.55259,0.555279,0.556634,0.554649,0.55341,0.556311,0.555327,0.550955,0.553598,0.55516,0.555954,0.610929,0.607696,0.613673,0.616475,0.622724,0.635218,0.633208,0.622883,0.624275,0.528766,0.476498,0.466077
Tetrapisispora_iriomotensis_1,Tetrapisispora,iriomotensis,1,PostWGD_m,0.491062,0.491345,0.483962,0.470299,0.480745,0.480429,0.498922,0.49955,0.509176,0.606337,0.560039,0.472535,0.462901,0.467416,0.471329,0.476035,0.473908,0.475519,0.475415,0.491883,0.386495,0.374528,0.388088,0.399945,0.426861,0.398811,0.413088,0.385254,0.38199,0.39266,0.400601,0.454181,0.372875,0.359682,0.375497,0.391088,0.375431,0.394023,0.400689,0.41103,0.389385,0.380051,0.400024,0.404317,0.397829,0.394442,0.36904,0.350743,0.357154,0.509507,0.125769,0.130943,0.124425,0,0.473541,0.625959,0.561626,0.446902,0.446429,0.45318,0.447321,0.451722,0.462505,0.456127,0.463542,0.44945,0.457264,0.455776,0.504679,0.510753,0.513442,0.514797,0.512812,0.511573,0.514474,0.51349,0.509118,0.511761,0.513323,0.514117,0.569092,0.565859,0.571836,0.574638,0.580887,0.593381,0.591371,0.581046,0.582438,0.486929,0.434661,0.42424
Tetrapisispora_iriomotensis_2,Tetrapisispora,iriomotensis,2,PostWGD_m,0.266316,0.266599,0.259216,0.245553,0.255999,0.255683,0.274176,0.274804,0.28443,0.381591,0.335293,0.247789,0.238155,0.24267,0.246583,0.251289,0.249162,0.250773,0.250669,0.267137,0.161749,0.149782,0.163342,0.175199,0.202115,0.174065,0.188342,0.160508,0.157244,0.167914,0.175855,0.229435,0.148129,0.134936,0.150751,0.166342,0.150685,0.169277,0.175943,0.186284,0.164639,0.133207,0.113174,0.071443,0.064955,0.061568,0,0.145261,0.151672,0.565759,0.405703,0.410877,0.404359,0.36904,0.426763,0.401213,0.33688,0.222156,0.221683,0.228434,0.222575,0.226976,0.237759,0.231381,0.238796,0.224704,0.232518,0.23103,0.279933,0.286007,0.288696,0.290051,0.288066,0.286827,0.289728,0.288744,0.284372,0.287015,0.288577,0.289371,0.344346,0.341113,0.34709,0.349892,0.356141,0.368635,0.366625,0.3563,0.357692,0.262183,0.209915,0.199494
Tetrapisispora_namnaonensis_1,Tetrapisispora,namnaonensis,1,PostWGD_m,0.301593,0.301876,0.294493,0.28083,0.291276,0.29096,0.309453,0.310081,0.319707,0.416868,0.37057,0.283066,0.273432,0.277947,0.28186,0.286566,0.284439,0.28605,0.285946,0.302414,0.197026,0.185059,0.198619,0.210476,0.237392,0.209342,0.223619,0.195785,0.192521,0.203191,0.211132,0.264712,0.183406,0.170213,0.186028,0.201619,0.185962,0.204554,0.21122,0.221561,0.199916,0.168484,0.148451,0,0.03611,0.063183,0.071443,0.180538,0.186949,0.601036,0.44098,0.446154,0.439636,0.404317,0.46204,0.43649,0.372157,0.257433,0.25696,0.263711,0.257852,0.262253,0.273036,0.266658,0.274073,0.259981,0.267795,0.266307,0.31521,0.321284,0.323973,0.325328,0.323343,0.322104,0.325005,0.324021,0.319649,0.322292,0.323854,0.324648,0.379623,0.37639,0.382367,0.385169,0.391418,0.403912,0.401902,0.391577,0.392969,0.29746,0.245192,0.234771
Tetrapisispora_namnaonensis_2,Tetrapisispora,namnaonensis,2,PostWGD_m,0.527725,0.528008,0.520625,0.506962,0.517408,0.517092,0.535585,0.536213,0.545839,0.643,0.596702,0.509198,0.499564,0.504079,0.507992,0.512698,0.510571,0.512182,0.512078,0.528546,0.423158,0.411191,0.424751,0.436608,0.463524,0.435474,0.449751,0.421917,0.418653,0.429323,0.437264,0.490844,0.409538,0.396345,0.41216,0.427751,0.412094,0.430686,0.437352,0.447693,0.426048,0.416714,0.436687,0.44098,0.434492,0.431105,0.405703,0.387406,0.393817,0.54617,0,0.043968,0.068596,0.125769,0.510204,0.662622,0.598289,0.483565,0.483092,0.489843,0.483984,0.488385,0.499168,0.49279,0.500205,0.486113,0.493927,0.492439,0.541342,0.547416,0.550105,0.55146,0.549475,0.548236,0.551137,0.550153,0.545781,0.548424,0.549986,0.55078,0.605755,0.602522,0.608499,0.611301,0.61755,0.630044,0.628034,0.617709,0.619101,0.523592,0.471324,0.460903
Tetrapisispora_phaffii_TPHA0E02830,Tetrapisispora,phaffii,1,PostWGD_m,0.291718,0.292001,0.284618,0.270955,0.281401,0.281085,0.299578,0.300206,0.309832,0.406993,0.360695,0.273191,0.263557,0.268072,0.271985,0.276691,0.274564,0.276175,0.276071,0.292539,0.187151,0.175184,0.188744,0.200601,0.227517,0.199467,0.213744,0.18591,0.182646,0.193316,0.201257,0.254837,0.173531,0.160338,0.176153,0.191744,0.176087,0.194679,0.201345,0.211686,0.190041,0.158609,0.138576,0.063183,0.056695,0,0.061568,0.170663,0.177074,0.591161,0.431105,0.436279,0.429761,0.394442,0.452165,0.426615,0.362282,0.247558,0.247085,0.253836,0.247977,0.252378,0.263161,0.256783,0.264198,0.250106,0.25792,0.256432,0.305335,0.311409,0.314098,0.315453,0.313468,0.312229,0.31513,0.314146,0.309774,0.312417,0.313979,0.314773,0.369748,0.366515,0.372492,0.375294,0.381543,0.394037,0.392027,0.381702,0.383094,0.287585,0.235317,0.224896
Tetrapisispora_phaffii_TPHA0J02370,Tetrapisispora,phaffii,2,PostWGD_m,0.526381,0.526664,0.519281,0.505618,0.516064,0.515748,0.534241,0.534869,0.544495,0.641656,0.595358,0.507854,0.49822,0.502735,0.506648,0.511354,0.509227,0.510838,0.510734,0.527202,0.421814,0.409847,0.423407,0.435264,0.46218,0.43413,0.448407,0.420573,0.417309,0.427979,0.43592,0.4895,0.408194,0.395001,0.410816,0.426407,0.41075,0.429342,0.436008,0.446349,0.424704,0.41537,0.435343,0.439636,0.433148,0.429761,0.404359,0.386062,0.392473,0.544826,0.068596,0.07377,0,0.124425,0.50886,0.661278,0.596945,0.482221,0.481748,0.488499,0.48264,0.487041,0.497824,0.491446,0.498861,0.484769,0.492583,0.491095,0.539998,0.546072,0.548761,0.550116,0.548131,0.546892,0.549793,0.548809,0.544437,0.54708,0.548642,0.549436,0.604411,0.601178,0.607155,0.609957,0.616206,0.6287,0.62669,0.616365,0.617757,0.522248,0.46998,0.459559
Torulaspora_delbrueckii_1,Torulaspora,delbrueckii,1,NonWGD,0.095762,0.096045,0.088662,0.074999,0.085445,0.085129,0.103622,0.10425,0.113876,0.211037,0.164739,0.077235,0.067601,0.072116,0.076029,0.080735,0.078608,0.080219,0.080115,0.147753,0.126789,0.151642,0.204934,0.216791,0.243707,0.215657,0.229934,0.2021,0.198836,0.209506,0.217447,0.271027,0.189721,0.176528,0.203365,0.218956,0.203299,0.221891,0.228557,0.238898,0.217253,0.239445,0.259418,0.263711,0.257223,0.253836,0.228434,0.229401,0.235812,0.649899,0.489843,0.495017,0.488499,0.45318,0.510903,0.413895,0.349562,0.012976,0.012503,0,0.021941,0.02724,0.038023,0.031645,0.044152,0.03006,0.037874,0.036386,0.088537,0.094611,0.0973,0.098655,0.09667,0.095431,0.098332,0.097348,0.092976,0.095619,0.097181,0.097975,0.15295,0.149717,0.155694,0.158496,0.164745,0.177239,0.175229,0.164904,0.166296,0.070787,0.018519,0.02894
Torulaspora_franciscae_1,Torulaspora,franciscae,1,NonWGD,0.089484,0.089767,0.082384,0.068721,0.079167,0.078851,0.097344,0.097972,0.107598,0.204759,0.158461,0.070957,0.061323,0.065838,0.069751,0.074457,0.07233,0.073941,0.073837,0.141475,0.120511,0.145364,0.198656,0.210513,0.237429,0.209379,0.223656,0.195822,0.192558,0.203228,0.211169,0.264749,0.183443,0.17025,0.197087,0.212678,0.197021,0.215613,0.222279,0.23262,0.210975,0.233167,0.25314,0.257433,0.250945,0.247558,0.222156,0.223123,0.229534,0.643621,0.483565,0.488739,0.482221,0.446902,0.504625,0.407617,0.343284,0,0.004033,0.012976,0.015663,0.020962,0.031745,0.025367,0.037874,0.023782,0.031596,0.030108,0.082259,0.088333,0.091022,0.092377,0.090392,0.089153,0.092054,0.09107,0.086698,0.089341,0.090903,0.091697,0.146672,0.143439,0.149416,0.152218,0.158467,0.170961,0.168951,0.158626,0.160018,0.064509,0.012241,0.022662
Torulaspora_maleeae_1,Torulaspora,maleeae,1,NonWGD,0.089903,0.090186,0.082803,0.06914,0.079586,0.07927,0.097763,0.098391,0.108017,0.205178,0.15888,0.071376,0.061742,0.066257,0.07017,0.074876,0.072749,0.07436,0.074256,0.141894,0.12093,0.145783,0.199075,0.210932,0.237848,0.209798,0.224075,0.196241,0.192977,0.203647,0.211588,0.265168,0.183862,0.170669,0.197506,0.213097,0.19744,0.216032,0.222698,0.233039,0.211394,0.233586,0.253559,0.257852,0.251364,0.247977,0.222575,0.223542,0.229953,0.64404,0.483984,0.489158,0.48264,0.447321,0.505044,0.408036,0.343703,0.015663,0.01519,0.021941,0,0.021381,0.032164,0.025786,0.038293,0.024201,0.032015,0.030527,0.082678,0.088752,0.091441,0.092796,0.090811,0.089572,0.092473,0.091489,0.087117,0.08976,0.091322,0.092116,0.147091,0.143858,0.149835,0.152637,0.158886,0.17138,0.16937,0.159045,0.160437,0.064928,0.01266,0.023081
Torulaspora_microellipsoides_1,Torulaspora,microellipsoides,1,NonWGD,0.098709,0.098992,0.091609,0.077946,0.088392,0.088076,0.106569,0.107197,0.116823,0.213984,0.167686,0.080182,0.070548,0.075063,0.078976,0.083682,0.081555,0.083166,0.083062,0.1507,0.129736,0.154589,0.207881,0.219738,0.246654,0.218604,0.232881,0.205047,0.201783,0.212453,0.220394,0.273974,0.192668,0.179475,0.206312,0.221903,0.206246,0.224838,0.231504,0.241845,0.2202,0.242392,0.262365,0.266658,0.26017,0.256783,0.231381,0.232348,0.238759,0.652846,0.49279,0.497964,0.491446,0.456127,0.51385,0.416842,0.352509,0.025367,0.024894,0.031645,0.025786,0.026737,0.03752,0,0.047099,0.033007,0.040821,0.039333,0.091484,0.097558,0.100247,0.101602,0.099617,0.098378,0.101279,0.100295,0.095923,0.098566,0.100128,0.100922,0.155897,0.152664,0.158641,0.161443,0.167692,0.180186,0.178176,0.167851,0.169243,0.073734,0.021466,0.031887
Torulaspora_pretoriensis_1,Torulaspora,pretoriensis,1,NonWGD,0.089011,0.089294,0.081911,0.068248,0.078694,0.078378,0.096871,0.097499,0.107125,0.204286,0.157988,0.070484,0.06085,0.065365,0.069278,0.073984,0.071857,0.073468,0.073364,0.141002,0.120038,0.144891,0.198183,0.21004,0.236956,0.208906,0.223183,0.195349,0.192085,0.202755,0.210696,0.264276,0.18297,0.169777,0.196614,0.212205,0.196548,0.21514,0.221806,0.232147,0.210502,0.232694,0.252667,0.25696,0.250472,0.247085,0.221683,0.22265,0.229061,0.643148,0.483092,0.488266,0.481748,0.446429,0.504152,0.407144,0.342811,0.004033,0,0.012503,0.01519,0.020489,0.031272,0.024894,0.037401,0.023309,0.031123,0.029635,0.081786,0.08786,0.090549,0.091904,0.089919,0.08868,0.091581,0.090597,0.086225,0.088868,0.09043,0.091224,0.146199,0.142966,0.148943,0.151745,0.157994,0.170488,0.168478,0.158153,0.159545,0.064036,0.011768,0.022189
Vanderwaltozyma_polyspora_Kpol1002p53,Vanderwaltozyma,polyspora,1,PostWGD_m,0.277327,0.27761,0.270227,0.256564,0.26701,0.266694,0.285187,0.285815,0.295441,0.392602,0.346304,0.2588,0.249166,0.253681,0.257594,0.2623,0.260173,0.261784,0.26168,0.278148,0.17276,0.160793,0.174353,0.18621,0.213126,0.185076,0.199353,0.171519,0.168255,0.178925,0.186866,0.240446,0.15914,0.145947,0.161762,0.177353,0.161696,0.180288,0.186954,0.197295,0.17565,0,0.164191,0.168484,0.161996,0.158609,0.133207,0.156272,0.162683,0.57677,0.416714,0.421888,0.41537,0.380051,0.437774,0.412224,0.347891,0.233167,0.232694,0.239445,0.233586,0.237987,0.24877,0.242392,0.249807,0.235715,0.243529,0.242041,0.290944,0.297018,0.299707,0.301062,0.299077,0.297838,0.300739,0.299755,0.295383,0.298026,0.299588,0.300382,0.355357,0.352124,0.358101,0.360903,0.367152,0.379646,0.377636,0.367311,0.368703,0.273194,0.220926,0.210505
Vanderwaltozyma_polyspora_Kpol1033p51,Vanderwaltozyma,polyspora,2,PostWGD_m,0.2973,0.297583,0.2902,0.276537,0.286983,0.286667,0.30516,0.305788,0.315414,0.412575,0.366277,0.278773,0.269139,0.273654,0.277567,0.282273,0.280146,0.281757,0.281653,0.298121,0.192733,0.180766,0.194326,0.206183,0.233099,0.205049,0.219326,0.191492,0.188228,0.198898,0.206839,0.260419,0.179113,0.16592,0.181735,0.197326,0.181669,0.200261,0.206927,0.217268,0.195623,0.164191,0,0.148451,0.141963,0.138576,0.113174,0.176245,0.182656,0.596743,0.436687,0.441861,0.435343,0.400024,0.457747,0.432197,0.367864,0.25314,0.252667,0.259418,0.253559,0.25796,0.268743,0.262365,0.26978,0.255688,0.263502,0.262014,0.310917,0.316991,0.31968,0.321035,0.31905,0.317811,0.320712,0.319728,0.315356,0.317999,0.319561,0.320355,0.37533,0.372097,0.378074,0.380876,0.387125,0.399619,0.397609,0.387284,0.388676,0.293167,0.240899,0.230478
Yueomyces_sinensis_1,Yueomyces,sinensis,1,PostWGD_m,0.273694,0.273977,0.266594,0.252931,0.263377,0.263061,0.281554,0.282182,0.291808,0.388969,0.342671,0.255167,0.245533,0.250048,0.253961,0.258667,0.25654,0.258151,0.258047,0.274515,0.169127,0.15716,0.17072,0.182577,0.209493,0.181443,0.19572,0.167886,0.164622,0.175292,0.183233,0.236813,0.155507,0.142314,0.158129,0.17372,0.158063,0.176655,0.183321,0.193662,0.172017,0.162683,0.182656,0.186949,0.180461,0.177074,0.151672,0.072629,0,0.553873,0.393817,0.398991,0.392473,0.357154,0.414877,0.408591,0.344258,0.229534,0.229061,0.235812,0.229953,0.234354,0.245137,0.238759,0.246174,0.232082,0.239896,0.238408,0.287311,0.293385,0.296074,0.297429,0.295444,0.294205,0.297106,0.296122,0.29175,0.294393,0.295955,0.296749,0.351724,0.348491,0.354468,0.35727,0.363519,0.376013,0.374003,0.363678,0.36507,0.269561,0.217293,0.206872
Yueomyces_sinensis_2,Yueomyces,sinensis,2,PostWGD_m,0.548785,0.549068,0.541685,0.528022,0.538468,0.538152,0.556645,0.557273,0.566899,0.66406,0.617762,0.530258,0.520624,0.525139,0.529052,0.533758,0.531631,0.533242,0.533138,0.549606,0.444218,0.432251,0.445811,0.457668,0.484584,0.456534,0.470811,0.442977,0.439713,0.450383,0.458324,0.511904,0.430598,0.417405,0.43322,0.448811,0.433154,0.451746,0.458412,0.468753,0.447108,0.437774,0.457747,0.46204,0.455552,0.452165,0.426763,0.408466,0.414877,0.67026,0.510204,0.515378,0.50886,0.473541,0,0.683682,0.619349,0.504625,0.504152,0.510903,0.505044,0.509445,0.520228,0.51385,0.521265,0.507173,0.514987,0.513499,0.562402,0.568476,0.571165,0.57252,0.570535,0.569296,0.572197,0.571213,0.566841,0.569484,0.571046,0.57184,0.626815,0.623582,0.629559,0.632361,0.63861,0.651104,0.649094,0.638769,0.640161,0.544652,0.492384,0.481963
Zygosaccharomyces_bailii_1,Zygosaccharomyces,bailii,1,NonWGD,0.099846,0.100129,0.092746,0.079083,0.089529,0.089213,0.107706,0.108334,0.11796,0.215121,0.168823,0.081319,0.071685,0.0762,0.080113,0.084819,0.082692,0.084303,0.084199,0.151837,0.130873,0.155726,0.209018,0.220875,0.247791,0.219741,0.234018,0.206184,0.20292,0.21359,0.221531,0.275111,0.193805,0.180612,0.207449,0.22304,0.207383,0.225975,0.232641,0.242982,0.221337,0.243529,0.263502,0.267795,0.261307,0.25792,0.232518,0.233485,0.239896,0.653983,0.493927,0.499101,0.492583,0.457264,0.514987,0.417979,0.353646,0.031596,0.031123,0.037874,0.032015,0.036416,0.047199,0.040821,0.032818,0.012088,0,0.011838,0.092621,0.098695,0.101384,0.102739,0.100754,0.099515,0.102416,0.101432,0.09706,0.099703,0.101265,0.102059,0.157034,0.153801,0.159778,0.16258,0.168829,0.181323,0.179313,0.168988,0.17038,0.074871,0.022603,0.033024
Zygosaccharomyces_bisporus_1,Zygosaccharomyces,bisporus,1,NonWGD,0.098358,0.098641,0.091258,0.077595,0.088041,0.087725,0.106218,0.106846,0.116472,0.213633,0.167335,0.079831,0.070197,0.074712,0.078625,0.083331,0.081204,0.082815,0.082711,0.150349,0.129385,0.154238,0.20753,0.219387,0.246303,0.218253,0.23253,0.204696,0.201432,0.212102,0.220043,0.273623,0.192317,0.179124,0.205961,0.221552,0.205895,0.224487,0.231153,0.241494,0.219849,0.242041,0.262014,0.266307,0.259819,0.256432,0.23103,0.231997,0.238408,0.652495,0.492439,0.497613,0.491095,0.455776,0.513499,0.416491,0.352158,0.030108,0.029635,0.036386,0.030527,0.034928,0.045711,0.039333,0.03133,0.0106,0.011838,0,0.091133,0.097207,0.099896,0.101251,0.099266,0.098027,0.100928,0.099944,0.095572,0.098215,0.099777,0.100571,0.155546,0.152313,0.15829,0.161092,0.167341,0.179835,0.177825,0.1675,0.168892,0.073383,0.021115,0.031536
Zygosaccharomyces_kombuchaensis_1,Zygosaccharomyces,kombuchaensis,1,NonWGD,0.092032,0.092315,0.084932,0.071269,0.081715,0.081399,0.099892,0.10052,0.110146,0.207307,0.161009,0.073505,0.063871,0.068386,0.072299,0.077005,0.074878,0.076489,0.076385,0.144023,0.123059,0.147912,0.201204,0.213061,0.239977,0.211927,0.226204,0.19837,0.195106,0.205776,0.213717,0.267297,0.185991,0.172798,0.199635,0.215226,0.199569,0.218161,0.224827,0.235168,0.213523,0.235715,0.255688,0.259981,0.253493,0.250106,0.224704,0.225671,0.232082,0.646169,0.486113,0.491287,0.484769,0.44945,0.507173,0.410165,0.345832,0.023782,0.023309,0.03006,0.024201,0.028602,0.039385,0.033007,0.025004,0,0.012088,0.0106,0.084807,0.090881,0.09357,0.094925,0.09294,0.091701,0.094602,0.093618,0.089246,0.091889,0.093451,0.094245,0.14922,0.145987,0.151964,0.154766,0.161015,0.173509,0.171499,0.161174,0.162566,0.067057,0.014789,0.02521
Zygosaccharomyces_rouxii_1,Zygosaccharomyces,rouxii,1,NonWGD,0.106124,0.106407,0.099024,0.085361,0.095807,0.095491,0.113984,0.114612,0.124238,0.221399,0.175101,0.087597,0.077963,0.082478,0.086391,0.091097,0.08897,0.090581,0.090477,0.158115,0.137151,0.162004,0.215296,0.227153,0.254069,0.226019,0.240296,0.212462,0.209198,0.219868,0.227809,0.281389,0.200083,0.18689,0.213727,0.229318,0.213661,0.232253,0.238919,0.24926,0.227615,0.249807,0.26978,0.274073,0.267585,0.264198,0.238796,0.239763,0.246174,0.660261,0.500205,0.505379,0.498861,0.463542,0.521265,0.424257,0.359924,0.037874,0.037401,0.044152,0.038293,0.042694,0.053477,0.047099,0,0.025004,0.032818,0.03133,0.098899,0.104973,0.107662,0.109017,0.107032,0.105793,0.108694,0.10771,0.103338,0.105981,0.107543,0.108337,0.163312,0.160079,0.166056,0.168858,0.175107,0.187601,0.185591,0.175266,0.176658,0.081149,0.028881,0.039302
Zygotorulaspora_florentina_1,Zygotorulaspora,florentina,1,NonWGD,0.094304,0.094587,0.087204,0.073541,0.083987,0.083671,0.102164,0.102792,0.112418,0.209579,0.163281,0.075777,0.066143,0.070658,0.074571,0.079277,0.07715,0.078761,0.078657,0.146295,0.125331,0.150184,0.203476,0.215333,0.242249,0.214199,0.228476,0.200642,0.197378,0.208048,0.215989,0.269569,0.188263,0.17507,0.201907,0.217498,0.201841,0.220433,0.227099,0.23744,0.215795,0.237987,0.25796,0.262253,0.255765,0.252378,0.226976,0.227943,0.234354,0.648441,0.488385,0.493559,0.487041,0.451722,0.509445,0.412437,0.348104,0.020962,0.020489,0.02724,0.021381,0,0.019447,0.026737,0.042694,0.028602,0.036416,0.034928,0.087079,0.093153,0.095842,0.097197,0.095212,0.093973,0.096874,0.09589,0.091518,0.094161,0.095723,0.096517,0.151492,0.148259,0.154236,0.157038,0.163287,0.175781,0.173771,0.163446,0.164838,0.069329,0.017061,0.027482
Zygotorulaspora_mrakii_1,Zygotorulaspora,mrakii,1,NonWGD,0.105087,0.10537,0.097987,0.084324,0.09477,0.094454,0.112947,0.113575,0.123201,0.220362,0.174064,0.08656,0.076926,0.081441,0.085354,0.09006,0.087933,0.089544,0.08944,0.157078,0.136114,0.160967,0.214259,0.226116,0.253032,0.224982,0.239259,0.211425,0.208161,0.218831,0.226772,0.280352,0.199046,0.185853,0.21269,0.228281,0.212624,0.231216,0.237882,0.248223,0.226578,0.24877,0.268743,0.273036,0.266548,0.263161,0.237759,0.238726,0.245137,0.659224,0.499168,0.504342,0.497824,0.462505,0.520228,0.42322,0.358887,0.031745,0.031272,0.038023,0.032164,0.019447,0,0.03752,0.053477,0.039385,0.047199,0.045711,0.097862,0.103936,0.106625,0.10798,0.105995,0.104756,0.107657,0.106673,0.102301,0.104944,0.106506,0.1073,0.162275,0.159042,0.165019,0.167821,0.17407,0.186564,0.184554,0.174229,0.175621,0.080112,0.027844,0.038265